stream_id,streamer_name,platform,game_name,category,viewer_count,follower_count,language,start_time,capture_time,stream_title,platform_id,game_id
8-K71wbo6Fc,Philippine Esports Organization,YouTube,FINAL DAY MLBB Sibol National Team Selection Asian¬†Games,,12166,12900,,2025-11-23T05:08:40Z,2025-11-23T13:48:10.724972+00:00,FINAL DAY MLBB Sibol National Team Selection Asian¬†Games,UCjIScqP_aoRIs5XqhW9vlMQ,
rR7iaGlvNII,Gyan Gaming„Ö§,YouTube,Free Fire LIVE with gyangaming,,10255,18500000,,2025-11-23T08:29:07Z,2025-11-23T13:48:10.724972+00:00,Free Fire LIVE with gyangaming,UChXi_PlJkRMPYFQBOJ3MpxA,
k3arYYbSdvU,TG TV 24-7,YouTube,Official 24/7 Typical Gamer Fortnite Stream!,,4866,1090000,,2025-11-22T03:19:39Z,2025-11-23T13:48:10.724972+00:00,Official 24/7 Typical Gamer Fortnite Stream!,UCWWwXggCAv3pm7gR-i88P2Q,
Sbb8NlfRW0U,NoobSapiens,YouTube,GROW A GARDEN STOCK AND TRADE 24/7 üî¥ LIVE,,4349,1320000,,2025-05-20T14:10:43Z,2025-11-23T13:48:10.724972+00:00,GROW A GARDEN STOCK AND TRADE 24/7 üî¥ LIVE,UCTCaAbCTUqFvEDYclnPP-KQ,
E1gSND2Apv0,Munna bhai gaming,YouTube,Grandmaster Rank Push Mama üò° Free Fire Telugu Live - Munna Bhai is Live  - Telugu Gaming Live #MBG,,1865,3810000,,2025-11-23T13:30:14Z,2025-11-23T13:48:10.724972+00:00,Grandmaster Rank Push Mama üò° Free Fire Telugu Live - Munna Bhai is Live  - Telugu Gaming Live #MBG,UC9p7jJPFcdKS5pVZtB4oSnw,
ixKp7h13MuU,NINJA TIME,YouTube,üî¥ FREE FIRE LIVEüëªGARENA FREE FIREüíÄGUILD TEST LIVE !! GAMING NINJA #fflive #shortslive #ff #shorts,,1833,586000,,2025-11-23T08:15:32Z,2025-11-23T13:48:10.724972+00:00,üî¥ FREE FIRE LIVEüëªGARENA FREE FIREüíÄGUILD TEST LIVE !! GAMING NINJA #fflive #shortslive #ff #shorts,UCNa-12YIScayXb6ZO34McPA,
6GYcl0zsVW4,Manya Gaming,YouTube,MANYA IS LIVE | PLAYING REDBULL SOLO LEGENDS | BGMI,,964,240000,,2025-11-22T23:22:06Z,2025-11-23T13:48:10.724972+00:00,MANYA IS LIVE | PLAYING REDBULL SOLO LEGENDS | BGMI,UCAs6HrnZCyAb1RuIqmoisGg,
UfCKQ_r-nic,VISHNU RAJPUT GAMING,YouTube,üî¥[Live]  FINALLY REGION HOGAYA  - Free Fire !!,,716,590000,,2025-11-23T08:48:33Z,2025-11-23T13:48:10.724972+00:00,üî¥[Live]  FINALLY REGION HOGAYA  - Free Fire !!,UCh_ilHTu7pYJ11_XKlT_9sA,
vyXWQdBlbYs,GS Gaming X,YouTube,Granny Live Gaming|Granwy Gameplay video live|Horror Escape Game,,717,630000,,2025-11-23T13:11:53Z,2025-11-23T13:48:10.724972+00:00,Granny Live Gaming|Granwy Gameplay video live|Horror Escape Game,UCkgNHzePfJ1j1TLZCPaQYbw,
xiou-xmlbDE,Pluvarion,YouTube,PLANTS VS BRAINROTS STOCK &amp; TRADE 24/7 üî¥ LIVE |  ADMIN ABUSE COUNTDOWN | ROBLOX,,742,21700,,2025-10-15T16:19:39Z,2025-11-23T13:48:10.724972+00:00,PLANTS VS BRAINROTS STOCK &amp; TRADE 24/7 üî¥ LIVE |  ADMIN ABUSE COUNTDOWN | ROBLOX,UCBT7eGdAzAsDknmksa14BfQ,
kl-G_9d4EAs,Dhanush FF Gamer,YouTube,NEW GAMING ROOMüò® | M1014 PROüëë GUILD TRAILS | 1 VS 4üî•| FREE FIRE IN TELUGU #dfg #freefire,,513,1970000,,2025-11-23T06:24:57Z,2025-11-23T13:48:10.724972+00:00,NEW GAMING ROOMüò® | M1014 PROüëë GUILD TRAILS | 1 VS 4üî•| FREE FIRE IN TELUGU #dfg #freefire,UCczxubEt1vQ_YBeAhafCxVw,
WkSmATFLwSE,ThijmenVC,YouTube,Live üî¥ |  24/7 STOCK &amp; TRADING in PLANTS VS BRAINROTS,,558,501000,,2025-11-01T21:06:31Z,2025-11-23T13:48:10.724972+00:00,Live üî¥ |  24/7 STOCK &amp; TRADING in PLANTS VS BRAINROTS,UCU7E74EVa0nbkEKXv0YZr-w,
eI2xYVDc6Dk,Shabbir Gaming,YouTube,BGMI RANK PUSH TO TOP 100 | BGMI LIVE,,279,264000,,2025-11-23T09:46:15Z,2025-11-23T13:48:10.724972+00:00,BGMI RANK PUSH TO TOP 100 | BGMI LIVE,UCwdoaYUb3504eicw7IcHxeA,
PvsTX3-pdaE,Nimit Walia,YouTube,Granny all Escapes - HORROR Game #granny #live #shortsfeed #shortslivestream #shortslive,,245,37300,,2025-11-23T10:29:29Z,2025-11-23T13:48:10.724972+00:00,Granny all Escapes - HORROR Game #granny #live #shortsfeed #shortslivestream #shortslive,UC8Cnq4n_KfF2pU5U_Ch8Wig,
6GRB-lQ8thg,KINGYASH LIVE,YouTube,FREE FIRE LIVE CUSTOM ROOM | FF LIVE GIVEAWAY ? üî•‚ù§Ô∏è #freefire #ff #freefirelive,,207,160000,,2025-11-23T07:54:23Z,2025-11-23T13:48:10.724972+00:00,FREE FIRE LIVE CUSTOM ROOM | FF LIVE GIVEAWAY ? üî•‚ù§Ô∏è #freefire #ff #freefirelive,UCof7vuQIBZe-WathpEE91Fg,
fZCStI8u3pc,Mir Hadi ,YouTube,Perfect Slices is Live Now Ep-09 #gaming #live #perfectslices,,230,19400,,2025-11-23T12:55:33Z,2025-11-23T13:48:10.724972+00:00,Perfect Slices is Live Now Ep-09 #gaming #live #perfectslices,UC5FoVVH1IbZE2yYBl1pbDgA,
ooDXdHKtFrw,Sap gaming,YouTube,GTA 5 Live üî•| Superman Gameplay Part 73 | Grand Theft Auto V,,379,5580,,2025-11-23T13:15:49Z,2025-11-23T13:48:10.724972+00:00,GTA 5 Live üî•| Superman Gameplay Part 73 | Grand Theft Auto V,UCumtR44SXLgU3z78KbElfLA,
z83jZPqzVpY,P3 High,YouTube,P3 HIGH IS LIVE üî•üò≥ SQUID GAME LIVE STREAM PART 67,,82,4200,,2025-11-23T12:33:05Z,2025-11-23T13:48:10.724972+00:00,P3 HIGH IS LIVE üî•üò≥ SQUID GAME LIVE STREAM PART 67,UC2fBF4ez43dMAAo7jsZqLKg,
NkN8Ywu8T7g,Ak Ke Fact,YouTube,üî•Worldwide Players in BARRED GAME Live#shorts#shortsfeed#viral#ayanquest #please#support#live stream,,106,4160,,2025-11-23T09:46:03Z,2025-11-23T13:48:10.724972+00:00,üî•Worldwide Players in BARRED GAME Live#shorts#shortsfeed#viral#ayanquest #please#support#live stream,UCDEnAs_BnnBV2VokYZlvMTw,
hwQOGidP5r8,RedChilD (üëë),YouTube,CONQUEROR PUSH DAY 4‚ù§Ô∏èNORTH EAST MANIPUR GAMER #gamer     #live    #bgmi,,97,30500,,2025-11-23T12:37:40Z,2025-11-23T13:48:10.724972+00:00,CONQUEROR PUSH DAY 4‚ù§Ô∏èNORTH EAST MANIPUR GAMER #gamer     #live    #bgmi,UCaVuHuhiiaBlzPvN0QN_ZUA,
6mp9Hu8DL8U,Nick Eh 30 VODs,YouTube,Official NickEh30 Fortnite Stream (24/7),,89,132000,,2025-09-09T11:07:56Z,2025-11-23T13:48:10.724972+00:00,Official NickEh30 Fortnite Stream (24/7),UC8AQF1sXHCsfARZCX5COf_g,
fjtsE2JwAd4,jatin star ff ,YouTube,FREE FIRE LIVE CUSTOM ROOM GIVEAWAY | FF LIVE TEAM CODE GIVEAWAY | FF LIVE CUSTOM ROOM GIVEAWAY FF,,104,295000,,2025-11-23T05:51:09Z,2025-11-23T13:48:10.724972+00:00,FREE FIRE LIVE CUSTOM ROOM GIVEAWAY | FF LIVE TEAM CODE GIVEAWAY | FF LIVE CUSTOM ROOM GIVEAWAY FF,UCSho18aduvJbHLEt7_UqXog,
sXnnwQOddGc,NAWABISLIVE,YouTube,Free Fire LIVE Diamonds Giveaway || Teamcode &amp; Cs Custom Room Giveaway #freefirelive,,67,720000,,2025-11-23T04:10:51Z,2025-11-23T13:48:10.724972+00:00,Free Fire LIVE Diamonds Giveaway || Teamcode &amp; Cs Custom Room Giveaway #freefirelive,UCRWWzoOrQLPGJLKs1gAf2yA,
UkG0s_hIRqQ,Radhe Gaming ,YouTube,Indian Theft Auto Game Live Part 20,,56,9120,,2025-11-23T13:15:00Z,2025-11-23T13:48:10.724972+00:00,Indian Theft Auto Game Live Part 20,UCmElqToLNWUBoIBSPOnX-ww,
FlOppj3Y9mA,SM_GameRx,YouTube,WWE2k25 /23 Game Live Stream LIVE GAMING | Big Bang Matches,,92,10100,,2025-11-23T13:30:06Z,2025-11-23T13:48:10.724972+00:00,WWE2k25 /23 Game Live Stream LIVE GAMING | Big Bang Matches,UCW0mkBnWIMb9iTmpeSyDUmQ,
BFX-OUHv_WY,Soap,YouTube,"üî¥üìªVideo Game Nostalgic Radio [24/7] Retro Music Live Stream ~‚òÉÔ∏è~ ‚ÄãNintendo, SEGA, PlayStation, PC...",,48,9690,,2025-09-25T17:22:27Z,2025-11-23T13:48:10.724972+00:00,"üî¥üìªVideo Game Nostalgic Radio [24/7] Retro Music Live Stream ~‚òÉÔ∏è~ ‚ÄãNintendo, SEGA, PlayStation, PC...",UCyAZpSXoWCYE_FFHs-juRcw,
Ko89n3YrK5E,Saanu Gaming,YouTube,Saanu Gaming Is Live üíóUID Reaction ü§Ø| #freefire #freefireindia #freefirelive #ff #shorts #shortslive,,60,11400,,2025-11-23T13:24:59Z,2025-11-23T13:48:10.724972+00:00,Saanu Gaming Is Live üíóUID Reaction ü§Ø| #freefire #freefireindia #freefirelive #ff #shorts #shortslive,UCRI3WRsPGHHuLYR0EM1GlGw,
JllHadevjaU,GaMiNg WiTh NitroRev GT,YouTube,Amazing Gameplay Live - 3d Driving Class - Android Ios gameplay video - Car Game #gameplay #cargame,,31,2350,,2025-11-01T19:19:13Z,2025-11-23T13:48:10.724972+00:00,Amazing Gameplay Live - 3d Driving Class - Android Ios gameplay video - Car Game #gameplay #cargame,UCilrGW0pvXf2O3Kf7RCNNAw,
b4EIXN-t9Vk,KeysiFightingMethod,YouTube,"üî¥ Giving 150,000 Robux to Every Viewer LIVE! (Roblox Robux Live) Free Robux Giveaway",,27,66300,,2025-08-12T03:01:42Z,2025-11-23T13:48:10.724972+00:00,"üî¥ Giving 150,000 Robux to Every Viewer LIVE! (Roblox Robux Live) Free Robux Giveaway",UCniTDXBx66cJjONU7OHYtHQ,
hwG3bvxkSJQ,SourceSpy91,YouTube,The Last Of Us | 24/7 STREAM The Complete Story | 3 Full Games [Grounded Difficulty],,24,325000,,2025-06-14T13:56:48Z,2025-11-23T13:48:10.724972+00:00,The Last Of Us | 24/7 STREAM The Complete Story | 3 Full Games [Grounded Difficulty],UCs3xOOfZjz53j6_5Xl6kbuw,
kHh7oUVXWZg,Kohnyu,YouTube,Learning ARC Raiders - second day #arcriders #gaming #live,,20,88,,2025-11-23T10:28:53Z,2025-11-23T13:48:10.724972+00:00,Learning ARC Raiders - second day #arcriders #gaming #live,UCdlQTLrSeTGUOfpSGYtGyKQ,
vW-TFsVGRKk,SourceSpy91,YouTube,"Grand Theft Auto 3, Vice City &amp; San Andreas | 24/7 CHILL STREAM",,18,325000,,2024-11-16T18:09:24Z,2025-11-23T13:48:10.724972+00:00,"Grand Theft Auto 3, Vice City &amp; San Andreas | 24/7 CHILL STREAM",UCs3xOOfZjz53j6_5Xl6kbuw,
ITJjURL3yWo,Gaming with Beastt,YouTube,WWE 2K25 CUSTOM PLAYER TOURNAMENT #gaming #live #livestream #WWE2k25 #wwe #short #gaming #vertical,,16,1270,,2025-11-23T11:36:27Z,2025-11-23T13:48:10.724972+00:00,WWE 2K25 CUSTOM PLAYER TOURNAMENT #gaming #live #livestream #WWE2k25 #wwe #short #gaming #vertical,UCGixVo5pkwm8CjQQcwIJMew,
m4ams3lbEu0,TheBoosGaming,YouTube,üî¥ STEAL A BRAINROT LIVE | GIVING SECRETS TO VIEWERS! *ADMIN ABUSE* (Roblox Giveaway) üß†,,20,989000,,2025-07-31T22:52:28Z,2025-11-23T13:48:10.724972+00:00,üî¥ STEAL A BRAINROT LIVE | GIVING SECRETS TO VIEWERS! *ADMIN ABUSE* (Roblox Giveaway) üß†,UCxV80EJL3KFAOCn4vHalN3A,
ZxJf7k2QZ5M,TheBoosGaming,YouTube,üî¥ PLS DONATE LIVE | GIVING ROBUX TO VIEWERS! (Roblox Giveaway) üíµ,,17,989000,,2025-03-08T05:29:34Z,2025-11-23T13:48:10.724972+00:00,üî¥ PLS DONATE LIVE | GIVING ROBUX TO VIEWERS! (Roblox Giveaway) üíµ,UCxV80EJL3KFAOCn4vHalN3A,
7PsVZVWr2Ic,Neonate ,YouTube,üî¥Liveüî¥Blooket with the viewers I Live Streaming Game for Everyone Play/Listen to Music/Chat,,17,59300,,2025-11-07T13:26:14Z,2025-11-23T13:48:10.724972+00:00,üî¥Liveüî¥Blooket with the viewers I Live Streaming Game for Everyone Play/Listen to Music/Chat,UC3N08qSCz35Uw1RqQ6CPI3g,
7Mx23180bdo,J GAMER LIVE,YouTube,FREE FIRE NEPAL [BANGLADESH] SERVER CUSTOM | J GAMER LIVE,,18,16500,,2025-11-23T13:08:25Z,2025-11-23T13:48:10.724972+00:00,FREE FIRE NEPAL [BANGLADESH] SERVER CUSTOM | J GAMER LIVE,UCPPuM_zVOdPUQ-QajkA5lVQ,
5q8YQhEGffo,IOSARBX,YouTube,üî¥ PERM FRUITS BLOX FRUITS GIVEAWAY - LIVE BLOX FRUITS GIFTING NOW LIVE! UPDATE,,22,1010000,,2025-05-15T18:57:40Z,2025-11-23T13:48:10.724972+00:00,üî¥ PERM FRUITS BLOX FRUITS GIVEAWAY - LIVE BLOX FRUITS GIFTING NOW LIVE! UPDATE,UCZ8ZzfbxzPHYJfx2SCWB3Fw,
lD10CY1PubI,SAVA GAMING,YouTube,CUSTOMS ROOMSüò±PUBG MOBILE LIVE STREAM #pubg #pubgmobile #live #ucgiveaway #customroom,,10,39000,,2025-11-23T05:27:02Z,2025-11-23T13:48:10.724972+00:00,CUSTOMS ROOMSüò±PUBG MOBILE LIVE STREAM #pubg #pubgmobile #live #ucgiveaway #customroom,UCzSSlpIMNlsEuCtrlxEhNuw,
J8uMawoWC84,S T R GAMING,YouTube,BGMI GAMEPLAY x PC GAME LIVE   | #bgmilivetamil  #bgmilive #strgaminglive #parugaming .,,14,20300,,2025-11-23T10:03:54Z,2025-11-23T13:48:10.724972+00:00,BGMI GAMEPLAY x PC GAME LIVE   | #bgmilivetamil  #bgmilive #strgaminglive #parugaming .,UCKpvw4E-c2CooZb79QPZdkw,
lPmAc9-rfMk,Amigo Games,YouTube,Worms Zone P 91 | #wormszone #gameplay #gaming #live,,7,632,,2025-11-23T12:20:38Z,2025-11-23T13:48:10.724972+00:00,Worms Zone P 91 | #wormszone #gameplay #gaming #live,UCGXTalzUjX-J0GJFgBsT23Q,
uDURngdmOXA,J GAMER LIVE,YouTube,FREE FIRE NEPAL [BANGLADESH] SERVER CUSTOM | J GAMER LIVE,,7,16500,,2025-11-23T13:09:37Z,2025-11-23T13:48:10.724972+00:00,FREE FIRE NEPAL [BANGLADESH] SERVER CUSTOM | J GAMER LIVE,UCPPuM_zVOdPUQ-QajkA5lVQ,
JcjKC-gK_Ds,Game Master TV,YouTube,üî¥ 24/7 NES Classics Livestream! üëæ Full Playthroughs [Retro Gaming] üåü,,8,142000,,2025-04-29T21:07:12Z,2025-11-23T13:48:10.724972+00:00,üî¥ 24/7 NES Classics Livestream! üëæ Full Playthroughs [Retro Gaming] üåü,UC1AFNoYDu-Rub31kwug5drA,
_5IHAHxTMVE,Zedar Live,YouTube,üî¥ STEAL A BRAINROT GIVEAWAY LIVE! | GIFTING NEW SECRETS TO VIEWERS! (Roblox) üß†,,5,447000,,2025-10-01T18:20:55Z,2025-11-23T13:48:10.724972+00:00,üî¥ STEAL A BRAINROT GIVEAWAY LIVE! | GIFTING NEW SECRETS TO VIEWERS! (Roblox) üß†,UCfdBaGAClP5AD6tbZmxD33A,
TMvlitjyYXM,NAGA GAMER FF,YouTube,Naga Gamer 1V2 Guild Trials - Free Fire ‡∞§‡±Ü‡∞≤‡±Å‡∞ó‡±Å Live Stream - ‡∞§‡∞ó‡±ç‡∞ó‡∞¶‡±á‡∞≤‡±á #freefirelivetelugu #ff,,5,24500,,2025-11-23T12:06:09Z,2025-11-23T13:48:10.724972+00:00,Naga Gamer 1V2 Guild Trials - Free Fire ‡∞§‡±Ü‡∞≤‡±Å‡∞ó‡±Å Live Stream - ‡∞§‡∞ó‡±ç‡∞ó‡∞¶‡±á‡∞≤‡±á #freefirelivetelugu #ff,UCrhuYvo11MSyplGj_C8Bjcw,
e7yfM3ZHL4o,Cinestubborn,YouTube,üî¥every N64 game live | Indian Retro Gamer #shorts #shortsfeed,,5,1810,,2025-11-23T05:05:43Z,2025-11-23T13:48:10.724972+00:00,üî¥every N64 game live | Indian Retro Gamer #shorts #shortsfeed,UCaxIshKFOcjQJtQJrLbKxCg,
GS1UvKpVIek,Pawablox,YouTube,Blox fruits giveaway liveüî¥ 2025,,5,478000,,2025-05-15T22:59:15Z,2025-11-23T13:48:10.724972+00:00,Blox fruits giveaway liveüî¥ 2025,UCx6559jwnmoQhlghLab1PDA,
igk30tSYCh4,THE WOODY GAMING,YouTube,üî¥ THE  WOODY GAMING LIVE  | SERIOUS RANK PUSH | ROAD TO TOP 100 CONQUEROR | üéÆ BGMI LIVE,,11,23000,,2025-11-23T09:57:46Z,2025-11-23T13:48:10.724972+00:00,üî¥ THE  WOODY GAMING LIVE  | SERIOUS RANK PUSH | ROAD TO TOP 100 CONQUEROR | üéÆ BGMI LIVE,UCV61E8lI-bY9KRm6rOmpX_A,
1ky0ku65Ynk,INDORI ARMY,YouTube,Free Fire LIVE Diamonds Giveaway || Teamcode Giveaway #freefirelive,,9,581000,,2025-09-23T07:29:18Z,2025-11-23T13:48:10.724972+00:00,Free Fire LIVE Diamonds Giveaway || Teamcode Giveaway #freefirelive,UCVdntKwFoFEB3FnLiqZI2tg,
E_2xeUrO6R0,DSN Army,YouTube,FREE FIRE LIVE CUSTOM ROOM GIVEAWAY | FF LIVE TEAM CODE GIVEAWAY | FF LIVE GIVEAWAY DJ ALOK |FF LIVE,,6,273000,,2025-08-14T07:21:15Z,2025-11-23T13:48:10.724972+00:00,FREE FIRE LIVE CUSTOM ROOM GIVEAWAY | FF LIVE TEAM CODE GIVEAWAY | FF LIVE GIVEAWAY DJ ALOK |FF LIVE,UCNMo0za4aXdLwwLdN-bGuUA,
ml3CB10_JN8,BS2 GAMING LIVE,YouTube,BS2 GAMING LIVE is live,,5,1460,,2025-11-23T12:43:32Z,2025-11-23T13:48:10.724972+00:00,BS2 GAMING LIVE is live,UCI_JaRim9YribgPnYNbYvRg,
cdbYKIJPqo0,Neonate ,YouTube,üî¥Liveüî¥Kahoot Live Online / Live Streaming Game for Everyone Play/Study/Listen to Music/Chat,,5,59300,,2025-10-31T11:53:33Z,2025-11-23T13:48:10.724972+00:00,üî¥Liveüî¥Kahoot Live Online / Live Streaming Game for Everyone Play/Study/Listen to Music/Chat,UC3N08qSCz35Uw1RqQ6CPI3g,
pYFD2SoFD88,Neonate ,YouTube,üî¥Liveüî¥Blooket  Live Streaming Game for Everyone Play/Listen to Music/Chat,,5,59300,,2025-10-29T14:51:12Z,2025-11-23T13:48:10.724972+00:00,üî¥Liveüî¥Blooket  Live Streaming Game for Everyone Play/Listen to Music/Chat,UC3N08qSCz35Uw1RqQ6CPI3g,
0zcJE485G1w,Gemaad Boyz,YouTube,üî¥LIVE My Hero Ultra Rumble Gameplay Gemaad Boyz #games #live #mha,,7,710,,2025-11-23T11:55:59Z,2025-11-23T13:48:10.724972+00:00,üî¥LIVE My Hero Ultra Rumble Gameplay Gemaad Boyz #games #live #mha,UCdo3QQ_HaoMpVY6rRw_X5EA,
ii77MHGfh5s,ROX OR WHAT,YouTube,FREE FIRE LIVE CUSTOM ROOM GIVEAWAY | FF LIVE TEAM CODE GIVEAWAY | FF LIVE GIVEAWAY DJ ALOK |FF LIVE,,4,154000,,2025-06-21T03:45:41Z,2025-11-23T13:48:10.724972+00:00,FREE FIRE LIVE CUSTOM ROOM GIVEAWAY | FF LIVE TEAM CODE GIVEAWAY | FF LIVE GIVEAWAY DJ ALOK |FF LIVE,UCbZrZf6-5LiA6rmxx5IbOEw,
hElfQnGktvg,SIZU JI LIVE,YouTube,FREE FIRE GIRL LIVE | UNLIMITED CUSTOM ROOM |GUILD TEST 1V1 |TEAMCODE GIVEAWAY #freefirelive #fflive,,4,310000,,2025-07-07T06:51:58Z,2025-11-23T13:48:10.724972+00:00,FREE FIRE GIRL LIVE | UNLIMITED CUSTOM ROOM |GUILD TEST 1V1 |TEAMCODE GIVEAWAY #freefirelive #fflive,UCSJ5Tp9_OFyJ5555MT1Zv8g,
w77CuvDqrWM,A ONE DEMON,YouTube,FREE FIRE LIVE CUSTOM ROOM GIVEAWAY | FF LIVE TEAM CODE GIVEAWAY | FF LIVE GIVEAWAY DJ ALOK |FF LIVE,,6,325000,,2025-08-06T07:56:24Z,2025-11-23T13:48:10.724972+00:00,FREE FIRE LIVE CUSTOM ROOM GIVEAWAY | FF LIVE TEAM CODE GIVEAWAY | FF LIVE GIVEAWAY DJ ALOK |FF LIVE,UCiAT0X3gqqEXWWyLAceJMiQ,
Gvl4ut7xJdg,Harry Gaming,YouTube,üî¥Live Streamüî¥Join Karo Harry Gaming 369‚ù§Ô∏èüíÄ‚ÄºÔ∏è,,6,31800,,2025-11-23T11:48:59Z,2025-11-23T13:48:10.724972+00:00,üî¥Live Streamüî¥Join Karo Harry Gaming 369‚ù§Ô∏èüíÄ‚ÄºÔ∏è,UCERU8k1tSGnZHTK5LTnPhGg,
Okuq4BBFK4k,Yours Smart TV,YouTube,tpg gaming live / pubg mobile live /vertical game live,,5,6890,,2025-11-23T12:00:59Z,2025-11-23T13:48:10.724972+00:00,tpg gaming live / pubg mobile live /vertical game live,UCPK7orxD7g6vWJgJMTyZMxg,
KjJnbYfp1EA,Irfan Esports Official,YouTube,üî• Free Fire Live üî¥ | Intense Squad Clash | Bangladesh Gaming Live 2025,,4,3120,,2025-11-23T13:00:47Z,2025-11-23T13:48:10.724972+00:00,üî• Free Fire Live üî¥ | Intense Squad Clash | Bangladesh Gaming Live 2025,UCDxNfwFy3EZGm7OUVVzjS0w,
ONzinckp-9Y,NATSU YT ,YouTube,Genshin + Valo stream | Valorant Live India | #valorant #gaming #live,,4,2520,,2025-11-23T10:54:53Z,2025-11-23T13:48:10.724972+00:00,Genshin + Valo stream | Valorant Live India | #valorant #gaming #live,UCYK5OyQZ6-7P_HXhxyHOY8g,
nzX1wx1IRLg,XEROX FF,YouTube,FREE FIRE LIVE CUSTOM ROOM GIVEAWAY| FF LIVE TEAM CODE GIVEAWAY | FF LIVE GIVEAWAY DJ ALOK |FF LIVE,,2,183000,,2025-06-28T04:36:28Z,2025-11-23T13:48:10.724972+00:00,FREE FIRE LIVE CUSTOM ROOM GIVEAWAY| FF LIVE TEAM CODE GIVEAWAY | FF LIVE GIVEAWAY DJ ALOK |FF LIVE,UCSclTvUZCQbe-tEu47se05g,
XLy2hKRcPRQ,Ulysses Perry,YouTube,Chillin &amp; Gaming Live 10/23/25 Fortnite Simpsons,,3,1210,,2025-11-23T12:04:27Z,2025-11-23T13:48:10.724972+00:00,Chillin &amp; Gaming Live 10/23/25 Fortnite Simpsons,UCzAY2XrHIjZre7_8XvsYeUg,
5akaWmWQehc,Kristopers Brown,YouTube,ROBLOX MLM #roblox #gaming #live #streaming,,3,1620,,2025-11-23T13:11:34Z,2025-11-23T13:48:10.724972+00:00,ROBLOX MLM #roblox #gaming #live #streaming,UC2CUlX4pGxhLAEdgMSLJSKA,
eVHBkE8uf9Y, KBN KURBAN GAMING ,YouTube,KURBAN IS LIVE STREAM üò± FREE FIRE MAX KURBAN GAMING ‚ú®üò±,,1,380,,2025-11-23T12:41:35Z,2025-11-23T13:48:10.724972+00:00,KURBAN IS LIVE STREAM üò± FREE FIRE MAX KURBAN GAMING ‚ú®üò±,UCsQ-eFCZ57eQ2gjJdgs-Xcw,
mDID2fvRvyY,Wish Gaming,YouTube,TRAIL CHALLENGE IS BACK WITH WISH GAMING|4.1 UPDATE|BGMI LIVE | WISH GAMIG LIVE | WISH GAMING,,4,941,,2025-11-23T09:40:25Z,2025-11-23T13:48:10.724972+00:00,TRAIL CHALLENGE IS BACK WITH WISH GAMING|4.1 UPDATE|BGMI LIVE | WISH GAMIG LIVE | WISH GAMING,UCktaysoVZws-MIKxununLkQ,
sqt4uRIrvf8,SIDHU GAMING,YouTube,SIDHU GAMING Live Stream / BR RANKED PUSH,,3,1900,,2025-11-23T13:16:14Z,2025-11-23T13:48:10.724972+00:00,SIDHU GAMING Live Stream / BR RANKED PUSH,UCrwrB9-wYoPsyfPOqqDk6tA,
zwwFys5bYOU,FF BOT. GAMING,YouTube,FREE FIRE LIVE 1 VS 2 HARSHEST GUILD TEST | BOT GAMING IS LIVE |,,3,10000,,2025-11-23T09:29:20Z,2025-11-23T13:48:10.724972+00:00,FREE FIRE LIVE 1 VS 2 HARSHEST GUILD TEST | BOT GAMING IS LIVE |,UCt9YPN9hgoP-xLj6UFou5Yw,
ydlHDS52scA,AB GAMING LIVE,YouTube,üõë AB GAMING LIVE || BGMI || TOP 100 CONQUEROR RANK PUSH ...!,,3,2790,,2025-11-23T12:54:04Z,2025-11-23T13:48:10.724972+00:00,üõë AB GAMING LIVE || BGMI || TOP 100 CONQUEROR RANK PUSH ...!,UC8j5y8YGmqCuc5etv_JRQNA,
aousVk9wkdk,MDGames ,YouTube,"üî¥ FREE 1,000,000 ROBUX GIVEAWAY LIVE! (FREE ROBUX)",,4,299000,,2025-07-19T13:47:47Z,2025-11-23T13:48:10.724972+00:00,"üî¥ FREE 1,000,000 ROBUX GIVEAWAY LIVE! (FREE ROBUX)",UCjDGY3ubLQmVT2TS2EegTCQ,
nY6FrPR1cUc,fagon gaming ,YouTube,ROAD TO 500 subscriber Fagon Gaming Live Stream NEW UPDATE 4.0,,2,146,,2025-11-23T10:58:11Z,2025-11-23T13:48:10.724972+00:00,ROAD TO 500 subscriber Fagon Gaming Live Stream NEW UPDATE 4.0,UCSTIVLZtcx5IT2iJy4y6ivA,
X9i9xvyGFUE,ROX PLAYSS,YouTube,FREE FIRE LIVE CUSTOM ROOM GIVEAWAY | FF LIVE TEAM CODE GIVEAWAY | FF LIVE GIVEAWAY DJ ALOK |FF LIVE,,2,140000,,2025-08-15T08:28:37Z,2025-11-23T13:48:10.724972+00:00,FREE FIRE LIVE CUSTOM ROOM GIVEAWAY | FF LIVE TEAM CODE GIVEAWAY | FF LIVE GIVEAWAY DJ ALOK |FF LIVE,UCQwZjsainZMrpUTwTZT7u1Q,
tCH0Q-o_gWU,A one gamers,YouTube,FF LIVE GIVEAWAY|| 800K SPECIAL BUNDLE GIVEAWAY|CUSTOM ROOM| TEAMCODE| FF GIVEAWAY#lokeshgamerlive,,8,1220000,,2024-04-13T11:38:22Z,2025-11-23T13:48:10.724972+00:00,FF LIVE GIVEAWAY|| 800K SPECIAL BUNDLE GIVEAWAY|CUSTOM ROOM| TEAMCODE| FF GIVEAWAY#lokeshgamerlive,UCwMuGiLpWz2TVCTJ66uX7BQ,
GnKtRjhcxb0,‡Æ®‡ÆÆ‡Øç‡ÆÆ Paiyan Gaming,YouTube,‡Æ®‡ÆÆ‡Øç‡ÆÆ paiyan gaming live!!,,1,42900,,2025-11-23T11:39:40Z,2025-11-23T13:48:10.724972+00:00,‡Æ®‡ÆÆ‡Øç‡ÆÆ paiyan gaming live!!,UCqbO3uYTwEfW9_4yL89g_pQ,
-WHGWEvwNtA,TECMER BLOODY,YouTube,FREE FIRE LIVE CUSTOM ROOM GIVEAWAY| FF LIVE TEAM CODE GIVEAWAY | FF LIVE GIVEAWAY DJ ALOK |FF LIVE,,3,733000,,2025-09-05T01:39:26Z,2025-11-23T13:48:10.724972+00:00,FREE FIRE LIVE CUSTOM ROOM GIVEAWAY| FF LIVE TEAM CODE GIVEAWAY | FF LIVE GIVEAWAY DJ ALOK |FF LIVE,UCRHY5hnkW8fdgdQG9RwNBDA,
vJtnrpeMWts,FFLIVE GAMING ROX,YouTube,FREE FIRE LIVE CUSTOM ROOM GIVEAWAY | FF LIVE TEAM CODE GIVEAWAY | FF LIVE GIVEAWAY DJ ALOK |FF LIVE,,2,324000,,2025-05-17T06:31:41Z,2025-11-23T13:48:10.724972+00:00,FREE FIRE LIVE CUSTOM ROOM GIVEAWAY | FF LIVE TEAM CODE GIVEAWAY | FF LIVE GIVEAWAY DJ ALOK |FF LIVE,UC6HUYXESOAYbrKOWpEogjwA,
Y4oxMyo9JnE,ROX PLAYSS,YouTube,FREE FIRE LIVE CUSTOM ROOM GIVEAWAY | FF LIVE TEAM CODE GIVEAWAY | FF LIVE GIVEAWAY DJ ALOK |FF LIVE,,4,140000,,2025-11-22T04:23:46Z,2025-11-23T13:48:10.724972+00:00,FREE FIRE LIVE CUSTOM ROOM GIVEAWAY | FF LIVE TEAM CODE GIVEAWAY | FF LIVE GIVEAWAY DJ ALOK |FF LIVE,UCQwZjsainZMrpUTwTZT7u1Q,
KxrybZuF86M,Selfie is live,YouTube,üî¥1 Vs 2 GUILD TEST LIVE | GIRL GAMING+CUSTOM GIVEAWAY üòç| FREE FIRE LIVE #anshikaqueenff‚Äã #freefire‚Äã,,5,14200,,2025-11-23T12:33:05Z,2025-11-23T13:48:10.724972+00:00,üî¥1 Vs 2 GUILD TEST LIVE | GIRL GAMING+CUSTOM GIVEAWAY üòç| FREE FIRE LIVE #anshikaqueenff‚Äã #freefire‚Äã,UCKelnQ_7n2N4GSijBkxF4gw,
Xlf0Le-DPRs,Kanshi ff gaming,YouTube,FREE FIRE GIRL LIVE | UNLIMITED CUSTOM ROOM |GUILD TEST 1V1 |TEAMCODE GIVEAWAY #freefirelive #fflive,,1,385000,,2025-08-20T07:15:30Z,2025-11-23T13:48:10.724972+00:00,FREE FIRE GIRL LIVE | UNLIMITED CUSTOM ROOM |GUILD TEST 1V1 |TEAMCODE GIVEAWAY #freefirelive #fflive,UCeIMSsLtRRXpTXS4ARGke-g,
oFKMwbS72S4,A one gamers,YouTube,FREE FIRE LIVE CUSTOM ROOM GIVEAWAY | FF LIVE TEAM CODE GIVEAWAY | FF LIVE GIVEAWAY DJ ALOK |FF LIVE,,4,1220000,,2025-05-18T05:53:47Z,2025-11-23T13:48:10.724972+00:00,FREE FIRE LIVE CUSTOM ROOM GIVEAWAY | FF LIVE TEAM CODE GIVEAWAY | FF LIVE GIVEAWAY DJ ALOK |FF LIVE,UCwMuGiLpWz2TVCTJ66uX7BQ,
miVKAI3ePXQ,florenza gaming,YouTube,florenza gaming live,,3,108,,2025-11-23T11:53:00Z,2025-11-23T13:48:10.724972+00:00,florenza gaming live,UCjI3n0Cs0YagdZCGK6dcc7g,
zlWDGG8L-o4,XEROX FF,YouTube,FREE FIRE LIVE CUSTOM ROOM GIVEAWAY| FF LIVE TEAM CODE GIVEAWAY | FF LIVE GIVEAWAY DJ ALOK |FF LIVE,,3,183000,,2025-07-02T07:49:54Z,2025-11-23T13:48:10.724972+00:00,FREE FIRE LIVE CUSTOM ROOM GIVEAWAY| FF LIVE TEAM CODE GIVEAWAY | FF LIVE GIVEAWAY DJ ALOK |FF LIVE,UCSclTvUZCQbe-tEu47se05g,
eXtUK5XFtAo,XERO PLAYS,YouTube,FREE FIRE LIVE CUSTOM ROOM GIVEAWAY FF LIVE TEAM CODE GIVEAWAY|#freefirelive #giveaway #fflive,,2,79600,,2025-09-12T10:23:48Z,2025-11-23T13:48:10.724972+00:00,FREE FIRE LIVE CUSTOM ROOM GIVEAWAY FF LIVE TEAM CODE GIVEAWAY|#freefirelive #giveaway #fflive,UCEwzj-_iSOK9e1aplN44Uaw,
VbuynK1m0VY,SLAYER GAMING ,YouTube,SLAYER GAMING LIVE ! Pokemon UNITE live streaming #pokemonunite #pokemon #live,,2,46,,2025-11-23T12:24:27Z,2025-11-23T13:48:10.724972+00:00,SLAYER GAMING LIVE ! Pokemon UNITE live streaming #pokemonunite #pokemon #live,UCOX-ecS5-VyZPrqNPEdUHAQ,
-tOjwYso-NM,GD GAMING LIVE ,YouTube,Subscribe and support ...Target 500 Subscribers  - GD GAMING LIVE,,2,278,,2025-11-23T10:27:34Z,2025-11-23T13:48:10.724972+00:00,Subscribe and support ...Target 500 Subscribers  - GD GAMING LIVE,UC_D5fKBEXlkupy5UhONsQRA,
Iv3Kenm6iqA,KHOPDI YT,YouTube,FREE FIRE LIVE CUSTOM ROOM GIVEAWAY | FF LIVE TEAM CODE GIVEAWAY | FF LIVE GIVEAWAY DJ ALOK |FF LIVE,,8,617000,,2025-10-20T15:39:45Z,2025-11-23T13:48:10.724972+00:00,FREE FIRE LIVE CUSTOM ROOM GIVEAWAY | FF LIVE TEAM CODE GIVEAWAY | FF LIVE GIVEAWAY DJ ALOK |FF LIVE,UCiar4O5pZD5dETirUpPIRpg,
Ol-WpYszUbU,"ARÂΩ°Agent47  ‚Ä¢  1M views  ‚Ä¢  1 day ago 





‚Ä¢‚Ä¢‚Ä¢",YouTube,Fever Meme Troll Game LIVE ‚Äì Unbelievable Troll Moments &amp; Hilarious Fails! | ARAGENT47,,1,2960,,2025-11-23T12:50:40Z,2025-11-23T13:48:10.724972+00:00,Fever Meme Troll Game LIVE ‚Äì Unbelievable Troll Moments &amp; Hilarious Fails! | ARAGENT47,UCOYHXhrDNOTMX-kjQwcr52A,
NRBUI4fiCNg,YOUBY l ŸäŸàÿ®Ÿä,YouTube,Granny Live Gaming|Granwny Gameplay video live|Horror Escape game #shorts #granny #shortslive,,3,653000,,2025-11-23T09:54:18Z,2025-11-23T13:48:10.724972+00:00,Granny Live Gaming|Granwny Gameplay video live|Horror Escape game #shorts #granny #shortslive,UCPeV6ohSHGY4CRI-1_YfwjQ,
Z23oa149C4g,Airz,YouTube,Playing Chrome Dinosaur Game FOR 500 BILLION SCORE! (World Record),,1,629000,,2024-10-15T07:49:00Z,2025-11-23T13:48:10.724972+00:00,Playing Chrome Dinosaur Game FOR 500 BILLION SCORE! (World Record),UCsQIzqmX4OR2h9n49B7PiBw,
-NaZIaUU8a4,Snowyislive,YouTube,LIVE  WITH SNOWY ||TAMCODES||#bgmi #shorts #shortsfeed #shortslive#gaming#1v1tdm,,2,2110,,2025-11-23T10:55:14Z,2025-11-23T13:48:10.724972+00:00,LIVE  WITH SNOWY ||TAMCODES||#bgmi #shorts #shortsfeed #shortslive#gaming#1v1tdm,UC1jcoAFVI6fYy9-FODtVW6A,
i_H4aycNcro,NIKHIL GAMING 21,YouTube,aggressive gameplay UPDATES 4.1üî¥NIKHIL GAMING LIVEüî•‡§Æ‡§∞‡§æ‡§†‡•Ä STREAMER #livestream #newupdate #bgmi,,2,370,,2025-11-23T08:10:57Z,2025-11-23T13:48:10.724972+00:00,aggressive gameplay UPDATES 4.1üî¥NIKHIL GAMING LIVEüî•‡§Æ‡§∞‡§æ‡§†‡•Ä STREAMER #livestream #newupdate #bgmi,UCjyLHZLkutKZHGoublXlAcA,
JnepiEnCTa4,Muskan Gaming Live,YouTube,Custom Rooms And Chalanges  Games and #Paradiserp PUBG MOBILE Pakistan | Muskan Gaming Live #pubg,,0,48400,,2025-11-23T06:00:34Z,2025-11-23T13:48:10.724972+00:00,Custom Rooms And Chalanges  Games and #Paradiserp PUBG MOBILE Pakistan | Muskan Gaming Live #pubg,UCUHFn-UP7EGnElxCStsDyHw,
JOeMJaL8EH0,A one gamers,YouTube,FREE FIRE LIVE CUSTOM ROOM GIVEAWAY | FF LIVE TEAM CODE GIVEAWAY | FF LIVE GIVEAWAY DJ ALOK |FF LIVE,,1,1220000,,2025-04-10T03:45:44Z,2025-11-23T13:48:10.724972+00:00,FREE FIRE LIVE CUSTOM ROOM GIVEAWAY | FF LIVE TEAM CODE GIVEAWAY | FF LIVE GIVEAWAY DJ ALOK |FF LIVE,UCwMuGiLpWz2TVCTJ66uX7BQ,
UfJiKIO9i8E,Strawple Gaming ,YouTube,PLAGUE TALE INNOCENCE |LIVE| PART-3 | #plaguetale #gaming #live  #survival #stealth,,1,10,,2025-11-23T13:08:57Z,2025-11-23T13:48:10.724972+00:00,PLAGUE TALE INNOCENCE |LIVE| PART-3 | #plaguetale #gaming #live  #survival #stealth,UCsY1v9Ulvd5xOzwRv6IeEhg,
jgAa1STCVSc,KKS CHANNELS ,YouTube,KKS GAMING LIVE CUSTOM ROOM GIVEAWAY üî• FREE FIRE TOURNAMENT,,1,673,,2025-11-23T13:01:21Z,2025-11-23T13:48:10.724972+00:00,KKS GAMING LIVE CUSTOM ROOM GIVEAWAY üî• FREE FIRE TOURNAMENT,UCon3HQlRiEoxe9sfV9mqkgA,
dv-j0TDDdaE,RTG3 GAMING,YouTube,rtg3 gaming live stream / garena free fire video /  live stream....,,1,1260,,2025-11-23T13:23:59Z,2025-11-23T13:48:10.724972+00:00,rtg3 gaming live stream / garena free fire video /  live stream....,UCayt7nPdhu0vtnJ71IESijg,
RPBssseMh0A,MR.K,YouTube,üî¥PROTOTYPE  LIVE üî¥ #3 #kannada #gaming #gameplay #dota2 #dota  #mrkcommentary #games,,2,29,,2025-11-22T15:31:46Z,2025-11-23T13:48:10.724972+00:00,üî¥PROTOTYPE  LIVE üî¥ #3 #kannada #gaming #gameplay #dota2 #dota  #mrkcommentary #games,UCU_x3enPc8AF_H0yY0Mgyhw,
OQbw7IwfLGc,Harshad Gaming Live ,YouTube,Harshad Gaming Live  is live!,,0,119,,2025-11-23T13:22:41Z,2025-11-23T13:48:10.724972+00:00,Harshad Gaming Live  is live!,UCewlPgyP8g1goZQkSHBvbDw,
lYSCrxSwwQQ,XERO PLAYS,YouTube,FREE FIRE LIVE CUSTOM ROOM GIVEAWAY | FF LIVE TEAM CODE GIVEAWAY | FF LIVE GIVEAWAY DJ ALOK |FF LIVE,,2,79600,,2025-10-05T06:06:01Z,2025-11-23T13:48:10.724972+00:00,FREE FIRE LIVE CUSTOM ROOM GIVEAWAY | FF LIVE TEAM CODE GIVEAWAY | FF LIVE GIVEAWAY DJ ALOK |FF LIVE,UCEwzj-_iSOK9e1aplN44Uaw,
HGULZdWDAcQ,OM FF,YouTube,free fire free costom giveway stream is back #gaming #live #giveway #support,,0,194,,2025-11-23T12:09:48Z,2025-11-23T13:48:10.724972+00:00,free fire free costom giveway stream is back #gaming #live #giveway #support,UCr_Sv7lrrCJoxKuxp2TkQQg,
li-2FS-2dk4,Nit RXlive,YouTube,üî¥Roblox  live Stream W78 Hard Bike Racing #fungaminglive #shorts,,2026,142000,,2025-11-23T12:49:01Z,2025-11-23T13:48:10.724972+00:00,üî¥Roblox  live Stream W78 Hard Bike Racing #fungaminglive #shorts,UCHB-ddRvDaTDNcqF4_eygTA,
IQnCaEYzOG0,Pritam on Fire ,YouTube,üî¥granny Remake horror üíÄ gameplay Pritam on Fire Live Stream,,1394,293000,,2025-11-23T13:21:00Z,2025-11-23T13:48:10.724972+00:00,üî¥granny Remake horror üíÄ gameplay Pritam on Fire Live Stream,UCrK8wQ-2eIMKtV3gfk7m_kA,
2teCsNWuFT8,Rollingincandy,YouTube,üî¥LIVE PVP/Stealin Brainrot #shortslive #stealabrainrot #99nightintheforest,,904,81900,,2025-11-22T14:14:17Z,2025-11-23T13:48:10.724972+00:00,üî¥LIVE PVP/Stealin Brainrot #shortslive #stealabrainrot #99nightintheforest,UCkpyoJeLJ43w3Uu0I7F-VYQ,
ZhhTPgroHmY,RAI ICONIC,YouTube,FREE FIRE LIVE CUSTOM ROOM | FF LIVE GIVEAWAY ? üòâ ‚ù§Ô∏è #freefirelive #ff #fflive #fflivetournament,,950,373000,,2025-11-23T01:44:40Z,2025-11-23T13:48:10.724972+00:00,FREE FIRE LIVE CUSTOM ROOM | FF LIVE GIVEAWAY ? üòâ ‚ù§Ô∏è #freefirelive #ff #fflive #fflivetournament,UCcxJW_gtbra-hqVs-LdaJeA,
Pr4B_TgYk9g,OGRA EXTRA,YouTube,Granny Live Gameplay || Granny 1 Live Gameplay  #live #granny #shortslive #shortsfeed,,638,94700,,2025-11-23T13:02:34Z,2025-11-23T13:48:10.724972+00:00,Granny Live Gameplay || Granny 1 Live Gameplay  #live #granny #shortslive #shortsfeed,UCWkCfR3UXIXKvirDeiYiP6A,
v1ci9tq-93Q,Football Gamer Rony,YouTube,üî¥LIVE : Leeds United vs Aaton Villa | English Premier League 2025/26 | PES 21 Simulation Game,,433,692000,,2025-11-23T12:50:14Z,2025-11-23T13:48:10.724972+00:00,üî¥LIVE : Leeds United vs Aaton Villa | English Premier League 2025/26 | PES 21 Simulation Game,UCaopyJz-EIXOXYXSMOC6c-g,
bY0Wv_56z74,VIUX YT LIVE ,YouTube,Platform horror game live ‚ù§Ô∏è #shortslive #horrorgaming,,344,19000,,2025-11-23T13:07:52Z,2025-11-23T13:48:10.724972+00:00,Platform horror game live ‚ù§Ô∏è #shortslive #horrorgaming,UCg-lz1N6QCekkweFtQ8rw-w,
-PiI-fu5Di0,Tyyy,YouTube,üî¥LIVE |‚Äã Tyyy - 5 Man RANK GAME,,278,5890,,2025-11-21T16:09:11Z,2025-11-23T13:48:10.724972+00:00,üî¥LIVE |‚Äã Tyyy - 5 Man RANK GAME,UCr3erwKe_VMzqqCTdaU7V2A,
-38XGF5Z3o0,OkitA TV,YouTube,One Piece Card Game Regional Edinburgh | Top 32 Live!,,222,813,,2025-11-23T08:39:54Z,2025-11-23T13:48:10.724972+00:00,One Piece Card Game Regional Edinburgh | Top 32 Live!,UCobSOIW2eLAdXt988K92aBg,
WIg-mDCG7g0,Gaming Hasib,YouTube,Gaming Hasib On Liveüî¥ || Join Everyone &amp; Enjoy The Game‚úÖ|| #FreeFire,,310,865000,,2025-11-23T13:35:15Z,2025-11-23T13:48:10.724972+00:00,Gaming Hasib On Liveüî¥ || Join Everyone &amp; Enjoy The Game‚úÖ|| #FreeFire,UCiI5SFl_DE__dxkZVuklNxg,
O-hCwOgJdD4,GAMER DESI,YouTube,Platform live horror Gameplay ‚ù§Ô∏è #shortslive #live #shorts #GAMERDESI,,165,429000,,2025-11-23T00:49:53Z,2025-11-23T13:48:10.724972+00:00,Platform live horror Gameplay ‚ù§Ô∏è #shortslive #live #shorts #GAMERDESI,UCLdPId3Lm-HgqMC5bFpEdiw,
8nO-qrOY8OE,Dheeraj Ki Vani,YouTube,Perfect Slice Game Live,,426,23100,,2025-11-23T13:24:39Z,2025-11-23T13:48:10.724972+00:00,Perfect Slice Game Live,UCHrEeFRtYDCbLNSLGDQ6jOg,
vT8op71CFaQ,MY GAMING KING ,YouTube,"SUBWAY SURFERS LIVE, RUNNING CHALLENGE WITH ALL, HD GAMEPLAY. #subwaysurfers #live #game #shorts",,109,1040,,2025-11-23T13:07:54Z,2025-11-23T13:48:10.724972+00:00,"SUBWAY SURFERS LIVE, RUNNING CHALLENGE WITH ALL, HD GAMEPLAY. #subwaysurfers #live #game #shorts",UCxPslZuzHz5OiK_Cqt9jAvQ,
SQmmjGYGjuY,Ayan Quest,YouTube,üî• Worldwide Players in BARRED GAME Live #shorts #shortsfeed #viral #ayanquest,,171,68500,,2025-11-23T13:15:27Z,2025-11-23T13:48:10.724972+00:00,üî• Worldwide Players in BARRED GAME Live #shorts #shortsfeed #viral #ayanquest,UCknoR9tweBvHH2ALRDcrgpA,
t9tb9USCC3A,TomGaminq,YouTube,My Talking Tom 2 LIVE - Funny Cat Game &amp; Cute  Reactions |  USA Gameplay Stream #16,,74,10000,,2025-11-23T13:26:37Z,2025-11-23T13:48:10.724972+00:00,My Talking Tom 2 LIVE - Funny Cat Game &amp; Cute  Reactions |  USA Gameplay Stream #16,UChxbjSPhNH_tsbGA8u1D32g,
hIAUqXhyi-I,RAgaming ,YouTube,Episode 15 LIVE | Playing Barred Game in Hindi üéÆ   #RAgaming #shortfeed #viral #gaming  #BarredGame,,85,142,,2025-11-23T12:20:22Z,2025-11-23T13:48:10.724972+00:00,Episode 15 LIVE | Playing Barred Game in Hindi üéÆ   #RAgaming #shortfeed #viral #gaming  #BarredGame,UCtEawvzL1mEzYckUeJV3y4g,
bEM9xen0L_4,HRGAMER,YouTube,HRGAMER üéÆ squid game üî¥ Live #squidgamelive#shortlive#shortfeed,,81,203,,2025-11-23T12:41:37Z,2025-11-23T13:48:10.724972+00:00,HRGAMER üéÆ squid game üî¥ Live #squidgamelive#shortlive#shortfeed,UCod4ypQjtoyZHHsy__VEmKA,
NsKB5nhlaz0,Rangapani gamer,YouTube,Ludo khela game live video Ludo khela,,58,23100,,2025-11-23T12:18:08Z,2025-11-23T13:48:10.724972+00:00,Ludo khela game live video Ludo khela,UCJSUH73cuTqltYqKG9vdnyQ,
3rWppHcSq-o,Hunting PlayGround Vlogs,YouTube,Live Most Scary House Escapee In Slowest mode And Fastet Mode Game Play With SubhuBhai,,39,37600,,2025-11-23T12:49:56Z,2025-11-23T13:48:10.724972+00:00,Live Most Scary House Escapee In Slowest mode And Fastet Mode Game Play With SubhuBhai,UCk9ilrmgGr5d2wEIQPyC77A,
0OAHjyMJiTA,Weiss Network TV,YouTube,24/7 RESIDENT EVIL Community Stream - Weiss Network TV - Resident Evil &amp; Chill,,65,156000,,2025-08-04T14:19:52Z,2025-11-23T13:48:10.724972+00:00,24/7 RESIDENT EVIL Community Stream - Weiss Network TV - Resident Evil &amp; Chill,UCjLdcql-zKjeviGljM1RMHA,
IY28GNQOMzw,Pixel Gulu,YouTube,BARRED GAME LIVE ü§Øüí•üí•,,62,1360,,2025-11-23T13:02:01Z,2025-11-23T13:48:10.724972+00:00,BARRED GAME LIVE ü§Øüí•üí•,UCfQonlKdtSpKK5VpQsn-FCg,
tFMYs7ElZZg,24ms Gaming,YouTube,üí•Worldwide Players in BARRED GAME Live #shorts #shortsfeed #viral #live #shots,,88,36600,,2025-11-23T13:41:50Z,2025-11-23T13:48:10.724972+00:00,üí•Worldwide Players in BARRED GAME Live #shorts #shortsfeed #viral #live #shots,UCVYGk5Hl4WD6C9meCNpThQw,
6S9l81geMx0,REAL GAMER,YouTube,Granny Live Gaming|Granwny Gameplay video live|Horror Escape Game,,67,389000,,2025-11-23T13:34:53Z,2025-11-23T13:48:10.724972+00:00,Granny Live Gaming|Granwny Gameplay video live|Horror Escape Game,UCekCOsq61bIjg_A9laXu-CA,
3KlF66fMvrI,Gamezboy1M ,YouTube,My Taking Tom Game Live,,30,3260,,2025-11-23T13:03:52Z,2025-11-23T13:48:10.724972+00:00,My Taking Tom Game Live,UC3ZaclLccKz36ZbwXmt_epA,
XPka32nuu8k,Game's Lifestyle ,YouTube,Stack Ball üèÄüèÄ Game üéØ#Stackball#Gamesplay#gamelive#gamevideo#gameshorts#live,,51,144,,2025-11-23T12:39:51Z,2025-11-23T13:48:10.724972+00:00,Stack Ball üèÄüèÄ Game üéØ#Stackball#Gamesplay#gamelive#gamevideo#gameshorts#live,UCJZBE6myjLbfB-rjFoBP2UQ,
yUxYtpJUS_c,Slumbo,YouTube,üî¥LIVE - SOLO PLAYER! How We Make MONEY In Arc Raiders!,,33,4180,,2025-11-23T05:04:06Z,2025-11-23T13:48:10.724972+00:00,üî¥LIVE - SOLO PLAYER! How We Make MONEY In Arc Raiders!,UCFRaWXuXohnouWemYtFVfJw,
w0_UWHhirJE,Zedar Live,YouTube,üî¥ STEAL A BRAINROT GIVEAWAY LIVE! | ADMIN ABUSE (Roblox Brainrot Giveaway),,33,447000,,2025-10-23T16:52:48Z,2025-11-23T13:48:10.724972+00:00,üî¥ STEAL A BRAINROT GIVEAWAY LIVE! | ADMIN ABUSE (Roblox Brainrot Giveaway),UCfdBaGAClP5AD6tbZmxD33A,
8Fs-BSLnMMw,It‚ÄôsNotAlqa,YouTube,üî¥Playing Roblox With Every Viewer Live! #roblox #gaming,,38,13400,,2025-11-23T11:31:46Z,2025-11-23T13:48:10.724972+00:00,üî¥Playing Roblox With Every Viewer Live! #roblox #gaming,UCcMIQR16xMAIP2xQNNctQSQ,
jVytfWAjWYQ,PeS TV,YouTube,LIVE Verona vs Parma | Serie A 2025 - Video Game Simulation,,24,110000,,2025-11-23T10:50:11Z,2025-11-23T13:48:10.724972+00:00,LIVE Verona vs Parma | Serie A 2025 - Video Game Simulation,UCR-9xz3PFNp3k3s3LrSxCVg,
kklR_nYrG3E,Logan DeRosa,YouTube,Kahoot Live Stream 24/7 | Viewers Can Join | Compete Against Others | Study Music And More!,,26,343000,,2025-04-29T22:58:49Z,2025-11-23T13:48:10.724972+00:00,Kahoot Live Stream 24/7 | Viewers Can Join | Compete Against Others | Study Music And More!,UCGCw1dDY-ECdIe34yc_qDTQ,
m3DzHFBo1CM,TeamVonic,YouTube,üî¥ STEAL A BRAINROT GIVEAWAY LIVE! - GIFTING NEW BRAINROT SECRETS &amp; GODS TO VIEWERS! - Roblox,,16,74400,,2025-10-01T22:06:41Z,2025-11-23T13:48:10.724972+00:00,üî¥ STEAL A BRAINROT GIVEAWAY LIVE! - GIFTING NEW BRAINROT SECRETS &amp; GODS TO VIEWERS! - Roblox,UCncAW5114K3zKVjXzyx9ZlQ,
zOvBFsvdp2c,desman2k6 (desman2k6),YouTube,Anno 117! Full Game Live Letsplay! Folge 13,,10,1510,,2025-11-23T09:56:40Z,2025-11-23T13:48:10.724972+00:00,Anno 117! Full Game Live Letsplay! Folge 13,UCVwOtFYwhyU-NSJjnEYEG5g,
lLYHBUJYCFc,PowerBoy Gamerz,YouTube,India vs South Africa | Live Cricket | Cricket 24 Live | Text Match,,8,4320,,2025-11-23T09:40:45Z,2025-11-23T13:48:10.724972+00:00,India vs South Africa | Live Cricket | Cricket 24 Live | Text Match,UCFQizT9ul4kKijGYlvKhUsg,
MVW091lDagA,IOSARBX,YouTube,üî¥DONATING ROBUX IN PLS DONATE LIVE WITH HAZEM! | FREE ROBUX GIVEAWAY (ROBLOX PLS DONATE),,9,1010000,,2025-06-26T10:44:52Z,2025-11-23T13:48:10.724972+00:00,üî¥DONATING ROBUX IN PLS DONATE LIVE WITH HAZEM! | FREE ROBUX GIVEAWAY (ROBLOX PLS DONATE),UCZ8ZzfbxzPHYJfx2SCWB3Fw,
X0WriC9nPro,DarroNash,YouTube,üî¥24/7 RESIDENT EVIL REMAKES STREAM  „Éê„Ç§„Ç™„Éè„Ç∂„Éº„Éâ ‚ò£Ô∏è 4K Live Walkthrough Marathon üé¨ Relax &amp; Sleep &amp; Enjoy,,10,11700,,2024-07-14T23:19:15Z,2025-11-23T13:48:10.724972+00:00,üî¥24/7 RESIDENT EVIL REMAKES STREAM  „Éê„Ç§„Ç™„Éè„Ç∂„Éº„Éâ ‚ò£Ô∏è 4K Live Walkthrough Marathon üé¨ Relax &amp; Sleep &amp; Enjoy,UCzbYtQTWTEweUqPGhvETwWA,
-DRY-4NA13Y,SR Gamer,YouTube,Cricket 26 is Here üòçüî• Exploring The Game | Cricket 26 Live - SR Gamer,,10,15500,,2025-11-23T10:40:49Z,2025-11-23T13:48:10.724972+00:00,Cricket 26 is Here üòçüî• Exploring The Game | Cricket 26 Live - SR Gamer,UCtCxIQlbS9mFrkxWr0jEmZA,
cTOeuM4Zk94,FLIPPS GAMER,YouTube,Ball run 2048 game live36 #live #ballrun2048 #trending @flippsgamer,,18,8450,,2025-11-23T12:51:38Z,2025-11-23T13:48:10.724972+00:00,Ball run 2048 game live36 #live #ballrun2048 #trending @flippsgamer,UCGZpdb95SUNAexDSrg4SiVA,
q7FYu745yho,EXIDE LIVE,YouTube,EXIDE LIVE  is live playing merge fellas puzzle game #24,,7,855,,2025-11-23T03:09:33Z,2025-11-23T13:48:10.724972+00:00,EXIDE LIVE  is live playing merge fellas puzzle game #24,UCy0yxseBsaFyjL3erFyHnnw,
fDb1PpicHMQ,SourceSpy91,YouTube,Red Dead Redemption I &amp; II | 24/7 Chill Stream,,9,325000,,2025-02-01T15:13:13Z,2025-11-23T13:48:10.724972+00:00,Red Dead Redemption I &amp; II | 24/7 Chill Stream,UCs3xOOfZjz53j6_5Xl6kbuw,
VPn9z__nzto,Weiss Network TV,YouTube,24/7 ASSASSIN&#39;S CREED Community Stream - Weiss Network TV - Assassin&#39;s Creed &amp; Chill,,8,156000,,2025-07-05T16:30:43Z,2025-11-23T13:48:10.724972+00:00,24/7 ASSASSIN&#39;S CREED Community Stream - Weiss Network TV - Assassin&#39;s Creed &amp; Chill,UCjLdcql-zKjeviGljM1RMHA,
tSR7y0vmS8g,Moon Whisper,YouTube,Live Game Talking Tom 2,,7,167,,2025-11-23T13:16:41Z,2025-11-23T13:48:10.724972+00:00,Live Game Talking Tom 2,UCNRwHXb_1lvfkCi2LV8oNag,
Jwor_iLZRo4,NintendoMovies,YouTube,üî¥ 24/7 Super Mario Livestream (Non-Stop Mario Games!),,7,765000,,2024-07-30T22:06:11Z,2025-11-23T13:48:10.724972+00:00,üî¥ 24/7 Super Mario Livestream (Non-Stop Mario Games!),UCWkvUWeJiP2laYO1bDjkoqA,
lbYb-clmmOM,BOND HERRY GAMING,YouTube,üß† Wormate.io + Worms Zone.io Live Battle | Snake Game Challenge | Road To #1 Leaderboard,,6,2580,,2025-11-23T13:25:41Z,2025-11-23T13:48:10.724972+00:00,üß† Wormate.io + Worms Zone.io Live Battle | Snake Game Challenge | Road To #1 Leaderboard,UC6NKN0et69haobAKJKupHdw,
a4W9nYDZOT8,LUPO GAMING 2,YouTube,üî• LIVE Platform 8: Train Station Horror Escape | Ghost Survival Gameüò®LUPO GAMING #shortslive#horror,,2,1340,,2025-11-23T09:57:46Z,2025-11-23T13:48:10.724972+00:00,üî• LIVE Platform 8: Train Station Horror Escape | Ghost Survival Gameüò®LUPO GAMING #shortslive#horror,UCMhyGAP5gYiTctbHXHmXJYw,
McdxaDkOhtA,AroRBX,YouTube,[üî¥LIVE] STEAL A BRAINROT GIVEAWAY LIVE! | | ROBLOX UPDATE,,3,193000,,2025-07-17T12:13:28Z,2025-11-23T13:48:10.724972+00:00,[üî¥LIVE] STEAL A BRAINROT GIVEAWAY LIVE! | | ROBLOX UPDATE,UC6nQ8BsGyS6sy1TDKf6RfyQ,
TzWIOfmWqRM,ViolaTor Gaming,YouTube,üî¥GTA 5 ONLINE LIVE STREAM 2000 RP LEVEL POSSIBLE BEFORE GTA6? | GTA ONLINE | LIVE GTA ONLINE STREAM,,2178,24000,,2025-11-23T07:06:34Z,2025-11-23T13:48:10.724972+00:00,üî¥GTA 5 ONLINE LIVE STREAM 2000 RP LEVEL POSSIBLE BEFORE GTA6? | GTA ONLINE | LIVE GTA ONLINE STREAM,UCPZZZfgL9MuNQuYUwtqmZcA,
nCoM38-Zo7A,Unionized E-sports Organization,YouTube,[üî¥LIVE] PRO PHASE | UEO SURVIVOR&#39;S RUMBLE 2025  ft. @RedHawksOfficials @raadvaiyt829,,2690,68000,,2025-11-14T12:19:56Z,2025-11-23T13:48:10.724972+00:00,[üî¥LIVE] PRO PHASE | UEO SURVIVOR&#39;S RUMBLE 2025  ft. @RedHawksOfficials @raadvaiyt829,UCIHI9fL4ufsx-sUwryq9Zsg,
kiXh0hV_GWA,Ring Masters ,YouTube,WWE LIVE : ROMAN REIGNS VS QUEEN PAIGE FIGHT PART- 55 #verticallive #wwelivetoday,,1837,14800,,2025-11-23T12:53:02Z,2025-11-23T13:48:10.724972+00:00,WWE LIVE : ROMAN REIGNS VS QUEEN PAIGE FIGHT PART- 55 #verticallive #wwelivetoday,UC06PO9oV3YCLUubyiIV0fVg,
TqOkB0y1nvY,StanRP,YouTube,roblox best gameplay,,706,1140000,,2025-11-23T13:00:23Z,2025-11-23T13:48:10.724972+00:00,roblox best gameplay,UCHYA5HNaS5n4idxmP-at8nA,
Mh-KNn7Z3KE,Ritik Jain 360,YouTube,Free Fire Max Ao Vivo Asia Invitational Is Here !!! Lets Talk -Garena Free Fire,,1468,826000,,2025-11-23T12:46:58Z,2025-11-23T13:48:10.724972+00:00,Free Fire Max Ao Vivo Asia Invitational Is Here !!! Lets Talk -Garena Free Fire,UC3V5gPkrK2Y_zcAEuocWbOw,
QzK5mutGUdM,UP70ROBLOX,YouTube,Roblox funny live stream is back..üî• #shorts #shortlive,,993,223000,,2025-11-23T13:28:09Z,2025-11-23T13:48:10.724972+00:00,Roblox funny live stream is back..üî• #shorts #shortlive,UC4nT3vaUSBXeLDDQThxyDgQ,
8RLyDe1_FNI,NS_ART,YouTube,PGL WALLACHIA S6 - PLAYOFFS üèÜ DOTA 2 [PT-BR] AO VIVO - NS_ART,,1002,15100,,2025-11-23T09:16:29Z,2025-11-23T13:48:10.724972+00:00,PGL WALLACHIA S6 - PLAYOFFS üèÜ DOTA 2 [PT-BR] AO VIVO - NS_ART,UCpytDy8ksQWcZmBFgk2-xLA,
7pdE-QfaR8s,RuleBreakerz,YouTube,"[ üî¥ LIVE ] RBz SIC - 2025 | Day - 2 : GodL , NKG , MBz , SRM , FFK , RBZ , MGL | Tamil FF Tournament",,679,399000,,2025-11-23T05:31:09Z,2025-11-23T13:48:10.724972+00:00,"[ üî¥ LIVE ] RBz SIC - 2025 | Day - 2 : GodL , NKG , MBz , SRM , FFK , RBZ , MGL | Tamil FF Tournament",UCke2OlF7Ajtd595ZRrnZ1PQ,
ue_-TfUhK_8,TheBrokenMachine,YouTube,LIVE Battlefield 6 PS5 PRO Gameplay! TheBrokenMachine&#39;s Chillstream,,818,433000,,2025-11-23T10:13:34Z,2025-11-23T13:48:10.724972+00:00,LIVE Battlefield 6 PS5 PRO Gameplay! TheBrokenMachine&#39;s Chillstream,UC82hr_TycIBi_BvEnWVoGIw,
ncPlseNixow,BHRTGAMEPLAYS,YouTube,WWE 2K25 Gameplay Live üéÆ Legendary Superstars Battle Royale,,805,15400,,2025-11-23T12:53:28Z,2025-11-23T13:48:10.724972+00:00,WWE 2K25 Gameplay Live üéÆ Legendary Superstars Battle Royale,UC0R_Vd2mPTtMKvAQY1_jb6g,
i9Q_Ge6T4C4,WWE_UNIVERSE_,YouTube,‚ùóÔ∏èWWE  LIVE MATCH ‚ùóÔ∏è : QUEEN BELLA VS ROMAN REIGNS | | 2K25 GAMEPLAY‚ùóÔ∏è#shortsfeed #shortslive #viral,,716,22200,,2025-11-23T13:08:54Z,2025-11-23T13:48:10.724972+00:00,‚ùóÔ∏èWWE  LIVE MATCH ‚ùóÔ∏è : QUEEN BELLA VS ROMAN REIGNS | | 2K25 GAMEPLAY‚ùóÔ∏è#shortsfeed #shortslive #viral,UCT1x7kMx1rgKX9TR2Cq-s3w,
gltw9I1nNFM,Jentel,YouTube,LIVE: Sleep to Minecraft BEYOND DEPTH ‚Äî Deepest Adventure Yet üåäüî•,,518,1040,,2025-11-23T04:22:54Z,2025-11-23T13:48:10.724972+00:00,LIVE: Sleep to Minecraft BEYOND DEPTH ‚Äî Deepest Adventure Yet üåäüî•,UC6ZC4srS-Zkv8CmDvcM9q-w,
OcX-uCmS090,Itz Gamer Tony,YouTube,Granny 1 Live Gameplay || Granny Short Live Stream || Granny Legacy Gameplay.,,382,5720,,2025-11-23T09:55:55Z,2025-11-23T13:48:10.724972+00:00,Granny 1 Live Gameplay || Granny Short Live Stream || Granny Legacy Gameplay.,UC4gzsjCgbwHHvQQxz2dXgZA,
enSd-kP6yLo,ReacToraX,YouTube,Merge Fellas Italian Brainrot Gameplay LIVE 80 üî¥ #mergefellas #mergefellaslive #roblox,,536,73500,,2025-11-23T12:16:51Z,2025-11-23T13:48:10.724972+00:00,Merge Fellas Italian Brainrot Gameplay LIVE 80 üî¥ #mergefellas #mergefellaslive #roblox,UCipSn6zgxR7Ddy_cXPYddCQ,
4iiOD1QAafE,Harshita chouksey Gaming ,YouTube,GRANNY LIVE GAMEPLAY || HORROR LIVESTREAM ||#granny grannylivegameplay #shortslive #funny #short,,296,216000,,2025-11-23T13:28:11Z,2025-11-23T13:48:10.724972+00:00,GRANNY LIVE GAMEPLAY || HORROR LIVESTREAM ||#granny grannylivegameplay #shortslive #funny #short,UCGhPupT0ZP0eAc2Ih3nix2g,
Y9nyt3cxHAw,Milamilu,YouTube,Merge Fellas Italian brainrot New Characters gameplay live mod PT.97 #brainrot #mergefellas,,326,44900,,2025-11-23T12:26:12Z,2025-11-23T13:48:10.724972+00:00,Merge Fellas Italian brainrot New Characters gameplay live mod PT.97 #brainrot #mergefellas,UCE0_EM3nZPXy8QmLDgceQCQ,
wu8zIiAs_cw,Akhi is Live ,YouTube,Granny Live Horror Gameplay #1 ‚Äì #granny #shortsfeed #shorts #shortslive #horrorgame,,313,33400,,2025-11-23T11:10:08Z,2025-11-23T13:48:10.724972+00:00,Granny Live Horror Gameplay #1 ‚Äì #granny #shortsfeed #shorts #shortslive #horrorgame,UCwwNNVzdhCJihP4b-RuyCFA,
Thty7OGT9_Q,Kenzo Tenma,YouTube,ITALIAN BRAINROT: Merge Fellas Baby Brainrot Vs Italian Brainrot iv gameplay,,240,10200,,2025-11-23T13:13:42Z,2025-11-23T13:48:10.724972+00:00,ITALIAN BRAINROT: Merge Fellas Baby Brainrot Vs Italian Brainrot iv gameplay,UCYPloIeVwDVa4TkXPgd4I8A,
zPbMUv0tOSw,Nova Insan Live,YouTube,LIVE üî¥ 1 Vs 6 Custom Gameplay üî• | Free Fire Live Stream üöÄ #freefire  #nonstop_live  #ajjubhailive,,211,16700,,2025-11-23T13:31:51Z,2025-11-23T13:48:10.724972+00:00,LIVE üî¥ 1 Vs 6 Custom Gameplay üî• | Free Fire Live Stream üöÄ #freefire  #nonstop_live  #ajjubhailive,UCJ_v502Rl8AxB50AL3oJo8A,
SzQbg_8gn3k,Am Flash Gamer,YouTube,FREE FIRE LIVE üòé 1v1 GUILD TEST | TEAM CODE GIVEAWAY | #freefirelive #gyangaming #shortsfeed,,204,1030000,,2025-11-23T11:30:03Z,2025-11-23T13:48:10.724972+00:00,FREE FIRE LIVE üòé 1v1 GUILD TEST | TEAM CODE GIVEAWAY | #freefirelive #gyangaming #shortsfeed,UClPO0D1fjaIGMkBSyaXY8ig,
jY3aUt0NeFo,  Taufiq Gamer,YouTube,Subway Surfers Gameplay Live,,130,1680,,2025-11-23T13:29:19Z,2025-11-23T13:48:10.724972+00:00,Subway Surfers Gameplay Live,UC7fcWaIRpTUTQFfRRZ8cWrQ,
Vne0EtP9YTY,Hot Granny FF,YouTube,üî•Granny Live HORROR Gameplay Escape 1 Versailles Peppa pig folks! Watch me play,,125,5150,,2025-11-23T13:09:31Z,2025-11-23T13:48:10.724972+00:00,üî•Granny Live HORROR Gameplay Escape 1 Versailles Peppa pig folks! Watch me play,UCMpJDb3X_lfp4R1vFpz1KZQ,
da8foFfFAFo,MEGHA is LIVE,YouTube,CONQUEROR RANK PUSH üòç BGMI LIVE   | #shorts #shortsfeed #bgmi  #live #pubgmobile#girlgamer,,142,34100,,2025-11-23T11:23:09Z,2025-11-23T13:48:10.724972+00:00,CONQUEROR RANK PUSH üòç BGMI LIVE   | #shorts #shortsfeed #bgmi  #live #pubgmobile#girlgamer,UCLMh9JIkSiI7_dk4T2-KOGA,
fmd_QajkYGI,Rock YT,YouTube,Perfect Slices Live Now üçéüî™ Gameplay #live #shorts #shortsfeed,,127,260000,,2025-11-23T13:11:51Z,2025-11-23T13:48:10.724972+00:00,Perfect Slices Live Now üçéüî™ Gameplay #live #shorts #shortsfeed,UC2ZNerGoikXQERYph2K3ycw,
jGr3up1-2Lo,RAVEN SHARP YOUTUBE,YouTube,BEST GAMEPLAY YOUTUBER ? JOD IS LIVE,,148,187000,,2025-11-23T08:44:47Z,2025-11-23T13:48:10.724972+00:00,BEST GAMEPLAY YOUTUBER ? JOD IS LIVE,UC7bFZFmpNCwl7NN-RLj8hgw,
4e8ErQwuMtE,MrMorp,YouTube,Clair Obscur: Expedition 33 LIVE Gameplay ‚Äì Dark Fantasy RPG Adventure,,121,14300,,2025-11-23T05:46:12Z,2025-11-23T13:48:10.724972+00:00,Clair Obscur: Expedition 33 LIVE Gameplay ‚Äì Dark Fantasy RPG Adventure,UCfP1ChO_nP3Ffq2JKGSfoJQ,
8UamcYQX94E,Name Is Nadim,YouTube,GTA 6 Delay Reaction | GTA 5 Live Gameplay @TypicalGamer @VanossGaming @TechnoGamerzOfficial,,231,2460,,2025-11-23T11:18:00Z,2025-11-23T13:48:10.724972+00:00,GTA 6 Delay Reaction | GTA 5 Live Gameplay @TypicalGamer @VanossGaming @TechnoGamerzOfficial,UC5s_Mvb1A9zEPBz9jXLBnbg,
myROwKRxuHg,ANKITA OP LIVE,YouTube,LIVEüî¥ GRANNY HORROR ESCAPE GAMEPLAY,,109,296000,,2025-11-23T13:29:12Z,2025-11-23T13:48:10.724972+00:00,LIVEüî¥ GRANNY HORROR ESCAPE GAMEPLAY,UC6AaJZ66nwBal2W1g1tAheA,
HejpSdl7Wks,Armaan Gamerz,YouTube,Merge fellas MIX BRAINROT italian+indonesian GAMEPLAY part 261 #live #mergefellas #italianbrainrot,,90,59100,,2025-11-23T12:19:04Z,2025-11-23T13:48:10.724972+00:00,Merge fellas MIX BRAINROT italian+indonesian GAMEPLAY part 261 #live #mergefellas #italianbrainrot,UCq73nYxXu8YQi3DUYPUOC7A,
k1PTGVWyKKQ,Hemant sahal,YouTube,Ludo king Live Now ü§¥üé≤üèÜ GamePlay 29 #ludokinglive #shortslive,,78,7420,,2025-11-23T12:10:33Z,2025-11-23T13:48:10.724972+00:00,Ludo king Live Now ü§¥üé≤üèÜ GamePlay 29 #ludokinglive #shortslive,UCE8zgjo2X-_yQHb3o_nLvew,
lClh9CcE_0s,ANUSSH GAMING,YouTube,BGMI 4.1 UPDATE LIVE | 120 FPS Action + Fresh META Gameplay üî• #bgmi #pubg #bgmilive @AnuShubhaLive,,105,6190,,2025-11-23T06:36:09Z,2025-11-23T13:48:10.724972+00:00,BGMI 4.1 UPDATE LIVE | 120 FPS Action + Fresh META Gameplay üî• #bgmi #pubg #bgmilive @AnuShubhaLive,UCwTC6BG0DpfqqqpxP-S8WYA,
AH616A79KUM,Oloo92 LIVE,YouTube,ARC Raiders PL Polska LIVE Gameplay Lekko Chory Olu≈õ,,86,11700,,2025-11-23T11:59:38Z,2025-11-23T13:48:10.724972+00:00,ARC Raiders PL Polska LIVE Gameplay Lekko Chory Olu≈õ,UCJW_HczJcPg7LmQlC6O7jQA,
Hri4yYjt0CA,Pushpa Rao,YouTube,Subway Surfers Live Stream | High Score Run | Fast Gameplay | Live Now,,99,5420,,2025-11-23T13:01:02Z,2025-11-23T13:48:10.724972+00:00,Subway Surfers Live Stream | High Score Run | Fast Gameplay | Live Now,UCcbioqkxcdKLuoJcWlBGdMQ,
9qyroQjYAdM,BypeX Gaming ,YouTube,üî¥Hunted by a Killer Train üò± | Choo-Choo Charles LIVE Gameplay  #choocharles #livegaming #horrorgame,,105,1000,,2025-11-22T17:51:55Z,2025-11-23T13:48:10.724972+00:00,üî¥Hunted by a Killer Train üò± | Choo-Choo Charles LIVE Gameplay  #choocharles #livegaming #horrorgame,UCgBeUo-16lvhUz0HhnRhreQ,
4qoxa_vXefE,Victory By Shohan,YouTube,üî¥ Live My Talking Tom 2 gameplay üò∏üáÆüá≥ #Sunsetgamer #Live #Mytalkingtom2 #tom,,61,8260,,2025-11-23T13:10:09Z,2025-11-23T13:48:10.724972+00:00,üî¥ Live My Talking Tom 2 gameplay üò∏üáÆüá≥ #Sunsetgamer #Live #Mytalkingtom2 #tom,UCKe6pxX45ZtRPoTxCpnU40w,
0meC6vHzhMk,RudeeGaming,YouTube,20k COMPLETE +RUSH GAMEPLAY  | FACECAM | VERTICAL STREAM #shorts #bgmilive #shortsfeed,,47,20000,,2025-11-23T12:08:15Z,2025-11-23T13:48:10.724972+00:00,20k COMPLETE +RUSH GAMEPLAY  | FACECAM | VERTICAL STREAM #shorts #bgmilive #shortsfeed,UCA4-q6QHtYSuyza_5X7twKw,
UFm5JydAE-c,Template Gamer,YouTube,Sabah FC vs Penang FC | Live Match Gameplay | Today Football Match,,35,16000,,2025-11-23T11:55:07Z,2025-11-23T13:48:10.724972+00:00,Sabah FC vs Penang FC | Live Match Gameplay | Today Football Match,UCtpeDAzx20mB6QtJW446Udw,
TIhMYeXRgmg,Adil Rehman Live,YouTube,[LIVE] Practice Makes Man Perfectüî•Br Rank Gameplayüö® Garena Free Fire,,39,16800,,2025-11-23T12:57:37Z,2025-11-23T13:48:10.724972+00:00,[LIVE] Practice Makes Man Perfectüî•Br Rank Gameplayüö® Garena Free Fire,UChqSu2u2Bn4NSY3XSFO0f9w,
lWvZQ00u7mo,ANU IS LIVE ,YouTube,BGMI 4.1 Update: LIVE Reaction &amp; Gameplay!,,69,78300,,2025-11-23T12:39:00Z,2025-11-23T13:48:10.724972+00:00,BGMI 4.1 Update: LIVE Reaction &amp; Gameplay!,UCZrFLq8N2dKT8Oxwi0FmV5w,
Ncl9P-n4GW0,Sriram YT,YouTube,BGMI LIVEüî• ‚Äì NEW UPDATE 4.1 HERE üòç  RUSH GAMEPLAY  #shorts #shortsfeed #shortslive #bgmilive,,31,105000,,2025-11-23T06:10:27Z,2025-11-23T13:48:10.724972+00:00,BGMI LIVEüî• ‚Äì NEW UPDATE 4.1 HERE üòç  RUSH GAMEPLAY  #shorts #shortsfeed #shortslive #bgmilive,UCWfbMu8mAxNzCsVkPRMp5OA,
MN-hsha4nec,ROYALEX 19,YouTube,Italian Brainrot Merge Fellas Live Gameplay  90#mergefellas #roblox #robloxlive,,40,6110,,2025-11-23T12:41:38Z,2025-11-23T13:48:10.724972+00:00,Italian Brainrot Merge Fellas Live Gameplay  90#mergefellas #roblox #robloxlive,UCglPLFIXtGLElwLGO0QrQ7w,
0fSEhcdrPwA,Mashooque.k gemer,YouTube,Live streaming Perfect Slices Live Now üçéüî™ Gameplay #153#live #shortslive,,23,7270,,2025-11-23T12:43:22Z,2025-11-23T13:48:10.724972+00:00,Live streaming Perfect Slices Live Now üçéüî™ Gameplay #153#live #shortslive,UCBr9gRVlYGqW3khogtK2w1w,
FTXMkdThkxo,Hridoy Live ,YouTube,Free Fire Diamond Event üíéüíéüíéüíé Live (Official Gameplay),,34,95700,,2025-11-23T12:33:32Z,2025-11-23T13:48:10.724972+00:00,Free Fire Diamond Event üíéüíéüíéüíé Live (Official Gameplay),UCpZzvPqhEn3K2r5A1pJUe0Q,
6R2OCF_LwdI,Ammy Candy Crush ,YouTube,nut sort color puzzle live gameplay level 1913 to 1930,,13,5820,,2025-11-23T13:02:42Z,2025-11-23T13:48:10.724972+00:00,nut sort color puzzle live gameplay level 1913 to 1930,UCiY2NdYmAEtjkV5pqGyymeQ,
v84sYPCTTPI,Clutch King S3H,YouTube,Guild Wars Time !üíÄüî•#freefire #livegameplay #live,,31,4290,,2025-11-23T12:05:57Z,2025-11-23T13:48:10.724972+00:00,Guild Wars Time !üíÄüî•#freefire #livegameplay #live,UCJ0t5aqYZ-gb5yI8-GTROlQ,
g6aKTriX_RM,Kajal is Live,YouTube,üî• LIVE Gameplay of RED GRANNY 1 Horror Escape! üëµ‚ò†,,27,5500,,2025-11-23T13:21:09Z,2025-11-23T13:48:10.724972+00:00,üî• LIVE Gameplay of RED GRANNY 1 Horror Escape! üëµ‚ò†,UCLWKS1qI24UOA8sbhuu7xqA,
MVR4IAjjUis,Sorry for Brainrot,YouTube,Merge Fellas Italian Brainrot Live Gameplay #10 #mergefellas #brainrot #gameplay #roblox,,40,1250,,2025-11-23T12:50:14Z,2025-11-23T13:48:10.724972+00:00,Merge Fellas Italian Brainrot Live Gameplay #10 #mergefellas #brainrot #gameplay #roblox,UC_QDrq5oWJwiFmcGeqRO_Ew,
bPwTCDiKxvA,The Rohan Gaming,YouTube,The Rohan Is Live Keyboard Mouse Gameplay üòà,,15,754,,2025-11-23T11:14:37Z,2025-11-23T13:48:10.724972+00:00,The Rohan Is Live Keyboard Mouse Gameplay üòà,UCDx65wj1JE9kh9p0lcdBALg,
tM3PT5yHv6E,WXYAMAN,YouTube,choochoocharles Live Horror Gameplay #1 ‚Äì #granny‚Äã #shortsfeed‚Äã #shorts‚Äã #shortslive‚Äã #horrorgame‚Äã,,16,234,,2025-11-23T11:41:36Z,2025-11-23T13:48:10.724972+00:00,choochoocharles Live Horror Gameplay #1 ‚Äì #granny‚Äã #shortsfeed‚Äã #shorts‚Äã #shortslive‚Äã #horrorgame‚Äã,UC4J2lYC6t8XxVBKzhr0AP7Q,
TlZY4nrHW4c,Devil Gaming-YT,YouTube,BGMI  FUN GAMEPLAY LIVE üî¥,,15,211000,,2025-11-23T12:21:21Z,2025-11-23T13:48:10.724972+00:00,BGMI  FUN GAMEPLAY LIVE üî¥,UC8jj3Xyh-rVeWTGrsGTJrLg,
AISZr3L3Z0Q,Major Gaming ,YouTube,PUBG LIVE -  M24 Room Chellenge Full Rush Gameplay  LIVE STREAM,,14,12300,,2025-11-23T12:30:06Z,2025-11-23T13:48:10.724972+00:00,PUBG LIVE -  M24 Room Chellenge Full Rush Gameplay  LIVE STREAM,UCk-ivfIQzm9U-dseRcDKmIQ,
SBWa7_MAiAw,Ixenlive ,YouTube,ùïÉùïÄùïçùîº üî¥ | ùïÉùïåùîªùïÜ ùïÇùïÄ‚Ñïùîæ ‚ÑùùïÜùî∏ùîª ùïãùïÜ ùüôùüùùïÇ üòé | ùïãùîºùïÉùïåùîæùïå ùîæùïíùïûùïñùï°ùïùùïíùï™ | #ùïÉùï¶ùïïùï†ùïÇùïöùïüùïò #ùïäùïôùï†ùï£ùï•ùï§ùïÉùïöùïßùïñ,,10,13100,,2025-11-23T12:29:54Z,2025-11-23T13:48:10.724972+00:00,ùïÉùïÄùïçùîº üî¥ | ùïÉùïåùîªùïÜ ùïÇùïÄ‚Ñïùîæ ‚ÑùùïÜùî∏ùîª ùïãùïÜ ùüôùüùùïÇ üòé | ùïãùîºùïÉùïåùîæùïå ùîæùïíùïûùïñùï°ùïùùïíùï™ | #ùïÉùï¶ùïïùï†ùïÇùïöùïüùïò #ùïäùïôùï†ùï£ùï•ùï§ùïÉùïöùïßùïñ,UCF8eaz3HZJocIlLoITF62Tg,
bsqWAuQqSBA,Franz TJ,YouTube,Unexcepected Synergiesüî¥Pokemon UNITE GAMEPLAY LIVE | Custom Games | Playing with VIEWERS,,14,7070,,2025-11-23T12:04:21Z,2025-11-23T13:48:10.724972+00:00,Unexcepected Synergiesüî¥Pokemon UNITE GAMEPLAY LIVE | Custom Games | Playing with VIEWERS,UC72tUiyl7pITkgP0JaWJEyg,
kc9c-zCPCHo,RacerShift 3D,YouTube,Live gameplay || Indian Thief Auto Simulator  | Funny Indian Gameplay #indiangame,,14,81,,2025-11-23T13:13:27Z,2025-11-23T13:48:10.724972+00:00,Live gameplay || Indian Thief Auto Simulator  | Funny Indian Gameplay #indiangame,UCo8ljR3GJ8aD_yAGvCHhYQQ,
Whso743MTGI,Arjun Gaming,YouTube,GTA 5 Crazy Gameplay LIVEüëåüëàü´£ | RP Giveaway Everyday | Playstation 5 #bgmi #pubgmobile #lolzzzgaming,,13,11400,,2025-11-23T07:36:22Z,2025-11-23T13:48:10.724972+00:00,GTA 5 Crazy Gameplay LIVEüëåüëàü´£ | RP Giveaway Everyday | Playstation 5 #bgmi #pubgmobile #lolzzzgaming,UC5y2PgVgPXsiBDDSZdOz9yw,
uJ_nO-2GeAk,Gamingliza ,YouTube,"üî• FFGIRL LIVE gamingliza Official I Trending Gameplay, Pro Skills &amp; Fun Vibes",,9,12700,,2025-11-23T12:16:58Z,2025-11-23T13:48:10.724972+00:00,"üî• FFGIRL LIVE gamingliza Official I Trending Gameplay, Pro Skills &amp; Fun Vibes",UC9rlIgD5eaAtRSVtVH2SFEw,
eP17k0CHddY,DIVYA GAMING ,YouTube,Daily üî¥ LIVE #2 Subway Surfers gameplay  #shortsfeed #yt,,5,698,,2025-11-23T13:11:57Z,2025-11-23T13:48:10.724972+00:00,Daily üî¥ LIVE #2 Subway Surfers gameplay  #shortsfeed #yt,UCOweIPdlpDJQN0ZqXyDAstA,
uHhH_VxBpMQ,MR MIKE YT,YouTube,üéØ BGMI LIVE üî¥ | Tactical Solo vs Squad üëë | High IQ Gameplay!  #shorts #youtubeshorts,,6,11200,,2025-11-23T12:57:22Z,2025-11-23T13:48:10.724972+00:00,üéØ BGMI LIVE üî¥ | Tactical Solo vs Squad üëë | High IQ Gameplay!  #shorts #youtubeshorts,UC8Qd2oQmKKiztcssqub853w,
Q8bENMp-H_g,Color Aviation,YouTube,Casual Gameplay! Life of World of Airports 3.3.1 WoA Update Live Stream 20251123 Color Aviation,,10,11800,,2025-11-23T12:37:13Z,2025-11-23T13:48:10.724972+00:00,Casual Gameplay! Life of World of Airports 3.3.1 WoA Update Live Stream 20251123 Color Aviation,UCr3gSuQ3mQfPsDBp8EwVjKg,
HgXE3cUrwMk,SiaIsLive,YouTube,üî¥ONLY CHICKEN DINNER|RUSH GAMEPLAY | SIA IS LIVE BGMi |#bgmi #girlgamer #livestreamer,,10,356,,2025-11-23T09:04:05Z,2025-11-23T13:48:10.724972+00:00,üî¥ONLY CHICKEN DINNER|RUSH GAMEPLAY | SIA IS LIVE BGMi |#bgmi #girlgamer #livestreamer,UC3FRJWrwvNVeF7oJPcM0CIA,
89mh1VSeMmc,ISHITA IS LIVE ,YouTube,AGGRESSIVE RUSH GAMEPLAY üòçTEAMCOD |1V1 STREAM - ISHITA IS LIVE - BGMI LIVE | #pubgmobile #bgmi #pubg,,7,22400,,2025-11-23T09:36:25Z,2025-11-23T13:48:10.724972+00:00,AGGRESSIVE RUSH GAMEPLAY üòçTEAMCOD |1V1 STREAM - ISHITA IS LIVE - BGMI LIVE | #pubgmobile #bgmi #pubg,UCchqescZjLu_c90bZRh41Ww,
mxJB9IphlPY,zayn shafiullah 8bp YT,YouTube,LIVE üî¥ 8 Ball Pool Hack Coins | Akroot Trick Revealed | Banakar Gameplay,,7,1480,,2025-11-23T12:00:10Z,2025-11-23T13:48:10.724972+00:00,LIVE üî¥ 8 Ball Pool Hack Coins | Akroot Trick Revealed | Banakar Gameplay,UC2bRXNIF1akaVYn1_mwk2-w,
kSJIn-Cinyw,Mr Abdullah ,YouTube,perfect slices #01 live Gameplay üçâüî™ #live #shorts #gaminglive #funny,,1,6750,,2025-11-23T13:19:52Z,2025-11-23T13:48:10.724972+00:00,perfect slices #01 live Gameplay üçâüî™ #live #shorts #gaminglive #funny,UCp8ZgfkRgAx-VuEcI-HK9cA,
uH2cS_H6uJc,Aditi Gaming Live,YouTube,Aditi Gaming Live üéØ| Rnk Push + Full Intense Gameplay | Free fire Live #shorts #shrotsfeed,,10,59300,,2025-11-23T12:36:41Z,2025-11-23T13:48:10.724972+00:00,Aditi Gaming Live üéØ| Rnk Push + Full Intense Gameplay | Free fire Live #shorts #shrotsfeed,UCMpzxF4eSvFIe_uyDpwNeRA,
tajYA_r7IFA,Mr. Diljeet Gaming,YouTube,LIVE: Battlefield 6 RedSec ‚Äì Intense Gameplay + Chill Chat,,5,19,,2025-11-23T12:54:22Z,2025-11-23T13:48:10.724972+00:00,LIVE: Battlefield 6 RedSec ‚Äì Intense Gameplay + Chill Chat,UCSvrsqNbn40eubEv73uUtzQ,
VM-QMhOgVyo,Gaming with SK,YouTube,üî¥DAILY GTA 5 ONLINE LIVE STREAM GTA6 #gta5 #gtaonline #gameplay #gaming #viral,,7,1750,,2025-11-23T12:30:05Z,2025-11-23T13:48:10.724972+00:00,üî¥DAILY GTA 5 ONLINE LIVE STREAM GTA6 #gta5 #gtaonline #gameplay #gaming #viral,UCsbDe1HDTtQshEufVLCL3GQ,
VzefQ71IR5I,Travis Benjamin,YouTube,FORTNITE ITEM SHOP GIVEAWAY / V BUCKS GIFT CARD / GAMEPLAY LIVE !! ITCHY &amp; SCRATCY / STRANGER THINGS,,6,23500,,2025-11-23T10:39:37Z,2025-11-23T13:48:10.724972+00:00,FORTNITE ITEM SHOP GIVEAWAY / V BUCKS GIFT CARD / GAMEPLAY LIVE !! ITCHY &amp; SCRATCY / STRANGER THINGS,UCxaw23BbMh-phN3x01B4fQw,
4ex_CdrfJzA,Akhil Gamer,YouTube,Chill GTA 5 Live Stream | Realistic Gameplay | Fun Vibes &amp; Chat üéÆüî•,,9,58600,,2025-11-23T12:10:06Z,2025-11-23T13:48:10.724972+00:00,Chill GTA 5 Live Stream | Realistic Gameplay | Fun Vibes &amp; Chat üéÆüî•,UCOuhaAwxNJHN-oznjUcr3aw,
Vr6_JL1_HsM,shamsh star ,YouTube,subway surfers gameplay live,,11,5630,,2025-11-23T13:10:02Z,2025-11-23T13:48:10.724972+00:00,subway surfers gameplay live,UCItBMSGmeFYELgiKHpJvpdQ,
FRKWo_Pz930,Soasticcc,YouTube,üî• Free Fire Live | ·ûú·ûÇ·üí·ûÇ·ûü·ûÑ·ûü·ûπ·ûÄ Clutch Gameplay | ·û°·ûæ·ûÑ Rank ·ûá·û∂·ûò·ûΩ·ûô FF Short Live Stream  #freefirelive,,10,2680,,2025-11-23T12:36:03Z,2025-11-23T13:48:10.724972+00:00,üî• Free Fire Live | ·ûú·ûÇ·üí·ûÇ·ûü·ûÑ·ûü·ûπ·ûÄ Clutch Gameplay | ·û°·ûæ·ûÑ Rank ·ûá·û∂·ûò·ûΩ·ûô FF Short Live Stream  #freefirelive,UCkZ_bHFflJXiQDDch51XRIw,
0LqGWJ-Hk1s,ULTRA YT,YouTube,FREE FIRE LIVE STREAM üí° FREE FIRE LIVE GAMEPLAY VIDEO | FREE FIRE LIVE | GARENA FREE FIRE üëø,,5,798,,2025-11-23T13:08:21Z,2025-11-23T13:48:10.724972+00:00,FREE FIRE LIVE STREAM üí° FREE FIRE LIVE GAMEPLAY VIDEO | FREE FIRE LIVE | GARENA FREE FIRE üëø,UCuxyVpl8HPDe3GUT6sOAbmw,
i5xwj6m-7ko,BTG Tamil YT,YouTube,Road To #100 Subs | BGMI NEW UPDATE 4.1 Live Gameplay  | ‡Æ§‡ÆÆ‡Æø‡Æ¥‡Øç | | TAMIL |,,5,30,,2025-11-23T13:25:21Z,2025-11-23T13:48:10.724972+00:00,Road To #100 Subs | BGMI NEW UPDATE 4.1 Live Gameplay  | ‡Æ§‡ÆÆ‡Æø‡Æ¥‡Øç | | TAMIL |,UCzem21G4ZfDMHi9TyxgQNdQ,
r0ZIfbKARPc,NSG Raj yt isLive,YouTube,NSG RAJ Is LIVE | RUSH GAMEPLAY ONLY | #bgmilive #nsgrajislive #shortfeed,,3,2050,,2025-11-23T12:26:41Z,2025-11-23T13:48:10.724972+00:00,NSG RAJ Is LIVE | RUSH GAMEPLAY ONLY | #bgmilive #nsgrajislive #shortfeed,UCSWYanMKyHQXRY741RRA8vg,
mSLaeqzUIOs,BlueheartEXE,YouTube,Heavy Collab In A Survival World!! | Sons of Forest Live Gameplay #2,,3,818,,2025-11-23T10:39:27Z,2025-11-23T13:48:10.724972+00:00,Heavy Collab In A Survival World!! | Sons of Forest Live Gameplay #2,UCdNE53B9JWpW3lom8Oz4v7A,
74LGvLMqh3g,R S O P,YouTube,BGMI 4.1 is HERE! üöÄ Live Gameplay + New Changes | RSOP Live Stream,,1,1330,,2025-11-23T11:41:57Z,2025-11-23T13:48:10.724972+00:00,BGMI 4.1 is HERE! üöÄ Live Gameplay + New Changes | RSOP Live Stream,UCQy0NvjeYqMJZ8I3rGNI90A,
Tr0S2V-lCsA,OTK Gamer,YouTube,Resident evil 8 Live Gameplay  &amp;  The Finals   #youtubestream #live #gaming #new #otkGamer,,3,263,,2025-11-23T11:14:01Z,2025-11-23T13:48:10.724972+00:00,Resident evil 8 Live Gameplay  &amp;  The Finals   #youtubestream #live #gaming #new #otkGamer,UClQY0uVjnBEhio6Cn6t3w2w,
OwHTpYxdtB0,Adamz Gaming,YouTube,Can I hit Immortal? // Live Gameplay #valorant #gaming #india #live,,3,204,,2025-11-23T11:22:55Z,2025-11-23T13:48:10.724972+00:00,Can I hit Immortal? // Live Gameplay #valorant #gaming #india #live,UCZwDv_O461lrmvqgs3gwDmg,
4FYsknZO4uI,V4vaani,YouTube,Sunday Chill Live Stream | Aajao Dosto‚Ä¶ V4VAANI ke Saath Masti + Gameplay Boom Baam üî•üéÆ,,4,61,,2025-11-23T11:57:55Z,2025-11-23T13:48:10.724972+00:00,Sunday Chill Live Stream | Aajao Dosto‚Ä¶ V4VAANI ke Saath Masti + Gameplay Boom Baam üî•üéÆ,UC3xRkjLIQ8TwB9kWCc2p9Wg,
K6LwrgUvQ68,Sasha Gaming,YouTube,Perfect Slices live Gameplay üòÅüòÅü§§ ( #shorts #trending #foryou #viralshort ),,4,1390,,2025-11-23T13:02:22Z,2025-11-23T13:48:10.724972+00:00,Perfect Slices live Gameplay üòÅüòÅü§§ ( #shorts #trending #foryou #viralshort ),UCfxF96rT1tcS3oxUT0E-6JQ,
72ndob20xoI,Majestic Camo,YouTube,Vein - Live Gameplay! (Day 1),,3,45,,2025-11-23T11:50:02Z,2025-11-23T13:48:10.724972+00:00,Vein - Live Gameplay! (Day 1),UCsCt-E2uYiYFrcJXkWIMyPg,
WX39Sp4IO84,Jack Gaming Zone,YouTube,üî¥[Genshin 6.1 Live] Durin Revealüî•| Let&#39;s Build Flins &amp; Framing | Hindi Live | Jack Gaming #genshin,,1,513,,2025-11-23T07:29:31Z,2025-11-23T13:48:10.724972+00:00,üî¥[Genshin 6.1 Live] Durin Revealüî•| Let&#39;s Build Flins &amp; Framing | Hindi Live | Jack Gaming #genshin,UC60ZDK0GYVTCZMywFXyX41Q,
hpzpk4BtVYw,Ablem 420,YouTube,Assassins Creed Mirage Gameplay (LIVE) | PC GAMEPLAY,,2,3110,,2025-11-23T12:03:56Z,2025-11-23T13:48:10.724972+00:00,Assassins Creed Mirage Gameplay (LIVE) | PC GAMEPLAY,UCjX0IvWiVwJXqZ6NIe2GJbg,
FKG6kNQeEVE,RICHIGAMME,YouTube,F1 LIVE RACE - LAS VEGAS GP 2025 | Formula 1 Timing Commentary | F1 25 GameplayFootage,,3,360000,,2025-11-18T12:47:04Z,2025-11-23T13:48:10.724972+00:00,F1 LIVE RACE - LAS VEGAS GP 2025 | Formula 1 Timing Commentary | F1 25 GameplayFootage,UCfXauteOUcZsXpNpsifismw,
SkSlDUoRuVs,GLITCHJOD YT,YouTube,RUSH GAMEPLAY RANK PUSHüèÜ| BGMI Live üî¥#bgmilive #bgmi #shortsfeed #shortslive #granny #granny1 #rp,,2,18100,,2025-11-23T09:06:16Z,2025-11-23T13:48:10.724972+00:00,RUSH GAMEPLAY RANK PUSHüèÜ| BGMI Live üî¥#bgmilive #bgmi #shortsfeed #shortslive #granny #granny1 #rp,UCNk9pmBmFdesuUmGv-xWtaA,
wWl8_UkZVnI,ZAXISFF,YouTube,ZZAXIS  FF IS LIVE üíÄ KEYBOARD AND MOUSE GAMEPLAYüî• GUILD TEST LIVE !! #fflive #shortslive #ff #shor,,2,1130,,2025-11-23T13:00:13Z,2025-11-23T13:48:10.724972+00:00,ZZAXIS  FF IS LIVE üíÄ KEYBOARD AND MOUSE GAMEPLAYüî• GUILD TEST LIVE !! #fflive #shortslive #ff #shor,UC7N-E2A_GpDdUZCNnG4cfxQ,
